Сайт;Дата запуска;Статус запуска;Топвизор;Срок;Оплата;;Примечения;Где проект;;
;;;;;;;;;;
avtoritm24.ru ;19.06.2023;ЗАПУЩЕН;https://tpv.sr/uhB7ct-uo/;до 25 января ;3750;;;;;
;;;;;;;;;;
shugar-ok.ru ;19.06.2023;ПАУЗА;https://tpv.sr/uhA22m-uX/;до 19 сентября ;5000;;;;;
;;;;;;;;;;
https://1poezd.ru;20.06.2023;ПАУЗА;https://tpv.sr/uhA22o-Ny/;до 20 августа;13.333;Эдик помогает;;;;
;;;;;;;;;;
сетка сайтов от 1 клиента;;;; ;15000;;;;;
https://asfaltobeton-zavod.msk.ru/;20.06.2023;ЗАПУЩЕН;https://tpv.sr/uhA22q-Z1/;до 22 февраля   ;;;;;;
https://centerbeton.msk.ru/;20.06.2023;ЗАПУЩЕН;https://tpv.sr/uhA22p-7C/;до 22 февраля   ;;;;;;
betonevro.ru;21.06.2023;ЗАПУЩЕН;https://tpv.sr/uhA28E-fG/;до 22 февраля   ;;;;;;
;;;;;;;;;;
сетка сайтов от 1 клиента;;;;;;;;;;
https://vip-premium.site/;21.06.2023;ПАУЗА ;https://tpv.sr/uhAOeR-vW/;;;;;;;
playboyspa.ru;;ПАУЗА ;https://tpv.sr/uhA42L-Dl/;;;;;;;
relax102.ru;;ПАУЗА ;https://tpv.sr/uhA42M-4j/;;;;;;;
otelnavolne.ru;15.07.2023;ПАУЗА ;https://tpv.sr/uhA0VJ-hq/;;;;;;;
https://xmassage.vip/;17.07.2023;ПАУЗА ;https://tpv.sr/uhAOeS-gG/;;;;;;;
https://mantra-time.site/;29.07.2023;ПАУЗА ;https://tpv.sr/uhAIiL-BN/;;;;;;;
клуб-энигма.рф;23.08.2023;ПАУЗА ;https://tpv.sr/uhAORm-Zp/;;;;;;;
http://malina59.ru/;23.08.2023;ПАУЗА ;https://tpv.sr/uhAOeX-G7/;;;;;;;
premier-spa78.ru/;27.08.2023;ПАУЗА ;https://tpv.sr/uhAOeU-Zz/;;;;;;;
https://mystery-spb.ru/;29.08.2023;ПАУЗА ;https://tpv.sr/uhAPUi-EJ/;;;;;;;
29 САЙТОВ (ЕДИНЫЙ СПИСОК) ;18.09.2023;ПАУЗА ;;до 18 декабря ;;;;;;
;;;;;;;;;;
https://onhour.ru;21.06.2023;ПАУЗА;https://tpv.sr/uhA23x-nx/;до 21 августа ;10.000 _;;;;;
;;;;;;;;;;
сетка сайтов от 1 клиента;;;;;;;;;;
https://plastelo.ru/;21.06.2023;ПАУЗА;https://tpv.sr/uhALW6-KC/;до 7 октября  ;;;;1 сервер;;
promtex-termo.ru;08.08.2023;ПАУЗА;https://tpv.sr/uhALa9-VI/;;;;;;;
slivkursov.net;08.08.2023;ПАУЗА ;https://tpv.sr/uhB3Ji-hS/;до 23 декабря  ;;;;;;
https://topslivkursov.com;14.08.2023;ПАУЗА;https://tpv.sr/uhAMfo-1v/;до 14 сентября;;;;;;
http://medmiks24.ru ;14.08.2023;ПАУЗА;https://tpv.sr/uhAMgg-aC/;до 14 сентября;;;;;;
msk.stommarket.ru;20.09.2023;ПАУЗА ;https://tpv.sr/uhB3JL-NI/;до 23 декабря  ;;;;;;
okna2-0.ru;;ПАУЗА ;https://tpv.sr/uhAZ0b-1A/;до 6 ноября ;;;;;;
https://okna-sofos.ru;;ПАУЗА;https://tpv.sr/uhAZ0a-i6/;до 13 января  ;;;;;;
https://vodostokstroy.ru;;ПАУЗА;https://tpv.sr/uhAZ0V-Al/;до 13 января  ;;;;;;
https://sofos-okna.ru;;ПАУЗА;https://tpv.sr/uhAZ0T-E0/;до 13 января  ;;;;;;
https://okna-germany.ru;;ПАУЗА ;https://tpv.sr/uhAZ0S-cT/;до 13 января  ;;;;;;
https://sofos.ru;;ПАУЗА;https://tpv.sr/uhAZ0Y-6Z/;до 13 января  ;;;;;;
https://kupioknaszavoda.ru;;ПАУЗА;https://tpv.sr/uhARWm-jU;до 13 января  ;;;;;;
prazdnikspb.com ;;ПАУЗА;https://tpv.sr/uhAZJZ-rS/;до 6 ноября ;;;;;;
;;;;;;;;;;
сетка сайтов от 1 клиента;;;;;;;;;;
kvazar-ufa.com;22.06.2023;ЗАПУЩЕН;https://tpv.sr/uhA2Mc-eA/;до 4 февраля ;;;;;;
oknasokufa.ru;22.06.2023;ЗАПУЩЕН;https://tpv.sr/uhA28r-Wu/;до 4 февраля      ;;;;;;
https://mb-beton.ru/;04.07.2023;ПАУЗА;;;;;;;;
https://potolki-samara.info/;04.07.2023;ЗАПУЩЕН;https://tpv.sr/uhASQa-5J/;до 4 февраля      ;;;;;;
https://impostrade.ru/;04.07.2023;ЗАПУЩЕН;https://tpv.sr/uhASQe-m1/;до 4 февраля      ;;;;;;
https://a-gk.ru/;04.08.2023;ЗАПУЩЕН;https://tpv.sr/uhASQf-TL/;до 4 февраля      ;;;;;;
domstroialyans.ru;04.08.2023;ЗАПУЩЕН;https://tpv.sr/uhASQh-PH/;до 4 февраля      ;;;;4 сервер;;
https://idea-ufa.ru/;15.08.2023;ЗАПУЩЕН;https://tpv.sr/uhAMzp-Qv/;до 17 ноября  ;;;;;;
https://opalubka77.ru/;15.08.2023;ЗАПУЩЕН;https://tpv.sr/uhAN0s-an/;до 17 февраля   ;;;;;;
https://kristall-okna.by/;15.08.2023;ЗАПУЩЕН;https://tpv.sr/uhAN0e-7X/;до 17 февраля   ;;;;;;
https://winwin-cargo.ru;15.08.2023;ЗАПУЩЕН;https://tpv.sr/uhAN1n-FI/;до 17 февраля   ;;;;;;
https://www.gorizontplus.ru/;27.09.2023;ЗАПУЩЕН;https://tpv.sr/uhAWRI-mD/;до 27 января  ;;;;;;
https://spb.ochenkrepko.ru/;27.09.2023;ЗАПУЩЕН;https://tpv.sr/uhAWRM-GI/;до 27 января  ;;;;;;
https://ochenkrepko.ru/;27.09.2023;ЗАПУЩЕН;https://tpv.sr/uhAWRW-7f/;до 27 января  ;;;;;;
https://dirbix.ru/;;ЗАПУЩЕН;https://tpv.sr/uhAqxD-j7/;до 7 января;;;;;;
;;;;;;;;;;
сетка сайтов от 1 клиента;;;;;;;;;;
https://rusinov-seo.ru/;11.09.2023;ЗАПУЩЕН;https://tpv.sr/uhAT73-sP/;;;;;;;
трезвый-водитель1.рф;22.06.2023;ЗАПУЩЕН;https://tpv.sr/uhA2HV-B1/;;5000;;;;;
https://rusbeton.moscow/;22.06.2023;ПАУЗА;https://tpv.sr/uhA2HU-iI/;;;;;;;
https://rs-01.ru;22.06.2023;ЗАПУЩЕН;https://tpv.sr/uhA9X9-6x/;;;;;2 сервер;;
https://luchetta.ru/;25.06.2023;ЗАПУЩЕН;https://tpv.sr/uhA2dC-Nw/;;5000;;;;;
sweetgrape.ru;27.06.2023;ПАУЗА;https://tpv.sr/uhA2cW-lI/;;2500;;;;;
psi-ddt.ru;27.06.2023;ЗАПУЩЕН;https://tpv.sr/uhA2bo-zR/;;5000;;;;;
памятники-благоустройство.рф;27.06.2023;ЗАПУЩЕН;https://tpv.sr/uhA2vr-oc/;;5 000 _;;;3 сервер;;
forvardstroyplus.ru;27.06.2023;ПАУЗА;https://tpv.sr/uhA2wO-cl/;;2 500 _;;;;;
fire-drop.ru;27.06.2023;ПАУЗА;https://tpv.sr/uhA2vs-Ak/;;2500;;;;;
dog-village.ru;30.06.2023;ЗАПУЩЕН;https://tpv.sr/uhAPtg-mi/;;5000;;;;;
tpack7.com;30.06.2023;ЗАПУЩЕН;https://tpv.sr/uhAPte-TN/;;5000;;;;;
ohrana-cerber.ru;30.06.2023;ЗАПУЩЕН;https://tpv.sr/uhAPtc-qB/;;5000;;;;;
https://vp-montazh.ru/;04.07.2023;ЗАПУЩЕН;https://tpv.sr/uhASQm-bJ/;;2500;;;2 сервер;;
ooo-autolombard.ru;04.07.2023;ЗАПУЩЕН;https://tpv.sr/uhASQp-v8/;;2500;;;2 сервер;;
https://прогулканакатере.рф;08.07.2023;ПАУЗА;https://tpv.sr/uhAC1t-8I/;;2500;;;;;
https://sidelka-vdom.ru/;08.07.2023;ЗАПУЩЕН;https://tpv.sr/uhAC20-4b/;;2500;;;;;
https://m1-pack.ru/;10.07.2023;ЗАПУЩЕН;https://tpv.sr/uhADDK-fv/;;2500;;;;;
https://energodizel.com/;10.07.2023;ЗАПУЩЕН;https://tpv.sr/uhADDN-XT/;;2500;;;;;
https://trassteplotech.ru/;26.07.2023;ЗАПУЩЕН;;;2500;;;;;
https://kormotors.ru/;13.07.2023;ЗАПУЩЕН;https://tpv.sr/uhAEm7-Aa/;;5000;;;;;
https://vkusnoff.ru/;13.07.20223;ЗАПУЩЕН;;;5000;;;2 сервер;;
https://profimet24.ru/;13.07.20223;ЗАПУЩЕН;;;2500;;;2 сервер;;
https://dts-if.ru/;12.08.2023;ЗАПУЩЕН;https://tpv.sr/uhAMLM-Ki/;;2500;;;5 сервер;;
картонные-коробки.рф ;13.07.20223;ЗАПУЩЕН;https://tpv.sr/uhAPc2-wZ/;;2500;;;2 сервер;;
manigroup.ru;14.07.2023;ЗАПУЩЕН;;;5000;;;;;
https://izumrudlashes.ru/;14.07.2023;ПАУЗА;;;2500;;;;;
https://play-well.ru/ ;24.07.2023;ПАУЗА;;;2500;;;;;
https://opalubka77.ru/;26.07.2023;ЗАПУЩЕН;;;2500;;;2 сервер;;
https://установка-автосигнализации.рф;26.07.2023;ПАУЗА;;;2500;;;;;
https://philipp-plein-outlet.online/;26.07.2023;ПАУЗА;;;2500;;;;;
https://ekran-ok.ru/;26.07.2023;ЗАПУЩЕН;;;2500;;;3 сервер;;
https://prorabka24.ru/;01.07.2023;ЗАПУЩЕН;https://tpv.sr/uhAPtb-EI/;;2500;;;1 сервер;;
https://kolodes-klin.ru/;01.07.2023;ПАУЗА;;;2500;;;;;
https://edimbystro.ru/;04.08.2023;ЗАПУЩЕН;;;2500;;;;;
https://msk-evrodom.ru/;04.08.2023;ЗАПУЩЕН;;;2500;;;;;
https://ffisraellaw.ru/;09.08.2023;ЗАПУЩЕН;https://tpv.sr/uhAJqc-03/;;2500;;;3 сервер;;
https://sogreem-dom.ru/;12.08.2023;ЗАПУЩЕН;https://tpv.sr/uhAMLP-5J/;;2500;;;5 сервер;;
https://www.legendppf.ru/;12.08.2023;ЗАПУЩЕН;https://tpv.sr/uhAMLQ-SY/;;2500;;;5 сервер;;
https://n-pereezd.ru/;22.08.2023;ЗАПУЩЕН;;;2500;;;;;
https://ssoz.ru/;24.08.2023;ЗАПУЩЕН;https://tpv.sr/uhAOt5-ZN/;;2500;;;;;
https://tehnorusm.ru/;24.08.2023;ПАУЗА;https://tpv.sr/uhAOt4-Ml/;;2500;;;;;
mosplit.ru;28.08.2023;ЗАПУЩЕН;https://tpv.sr/uhAPcB-Np/;;;;;;;
shalom-center.ru;28.08.2023;ЗАПУЩЕН;https://tpv.sr/uhAOaE-TM/;;;;;;;
https://myasniki.ru/;14.09.2023;ЗАПУЩЕН;https://tpv.sr/uhATZh-ih/;;;;;;;
https://garanteis.ru/;;ЗАПУЩЕН;https://tpv.sr/uhAVgN-Gs/;;;;;;;
https://xn--80ajf4akjab7c7a.xn--80adxhks/;;ЗАПУЩЕН;https://tpv.sr/uhAVgQ-9J/;;;;;;;
https://pryazha-mira.ru/;;ЗАПУЩЕН;https://tpv.sr/uhAVpc-BE/;;;;;;;
https://www.designf.ru/;;ЗАПУЩЕН;https://tpv.sr/uhAWH4-r6/;;;;;;;
https://quantum-v.ru/;;ЗАПУЩЕН;https://tpv.sr/uhAX8c-qO/;;;;;;;
https://myasniki.ru/;;ЗАПУЩЕН;https://tpv.sr/uhAX8d-Qs/;;;;;;;
;;;;;;;;;;
mos-archi.ru ;23.06.2023;ПАУЗА ;https://tpv.sr/uhA2Zk-SY/;до 31 января ;3750;;;;;
;;;;;;;;;;
сетка сайтов от 1 клиента ;;;;;;;;;;
https://damgarder.ru;25.06.2023;ПАУЗА;https://tpv.sr/uhA27f-BT/;до 28 декабря  ;5000 _;;;;;
delsnab.ru;28.06.2023;ПАУЗА;https://tpv.sr/uhA3QJ-13/;до 28 декабря   ;5000 _;;;2 сервер;;
https://dent-academ.ru;28.07.2023;ПАУЗА;https://tpv.sr/uh9xKJ-6H/;до 28 августа ;;Замену дам;;4 сервер;;
https://metrologlab.ru;31.07.2023;ПАУЗА;https://tpv.sr/uhAIll-SD/;до 31 августа;5000;;;4 сервер;;
https://mos-upak.ru;01.08.2023;ПАУЗА;https://tpv.sr/uhAJmW-7W/;до 28 декабря   ;5000;5000;;4 сервер;;
https://ppk.spb.ru/;12.08.2023;ПАУЗА;https://tpv.sr/uhATUY-E5/;до 28 декабря   ;5000;;;;;
https://akvageo.ru;12.09.2023;ПАУЗА;https://tpv.sr/uhATQM-lX/;до 28 декабря ;5000;;;;;
https://cryptomagnat.online;12.09.2023;ПАУЗА;https://tpv.sr/uhATUw-In/;до 28 декабря   ;5000;;;;;
languagefocus.ru;14.09.2022;ПАУЗА;https://tpv.sr/uhAUfz-et/;до 28 декабря   ;;;;;;
;;;;;;;;;;
сетка сайтов от 1 клиента ;;;;;;;;;;
climat-24.ru >> holodos-24.ru;26.06.2023;ПАУЗА;https://tpv.sr/uhAOeP-e1/;до 10 сентября ;5000;;;;;
mosclimat-24.ru;26.06.2023;ПАУЗА;https://tpv.sr/uhACr0-vM/;до 10 сентября ;5000;;;;;
https://rich-kuhni.ru;11.08.2023;ПАУЗА;https://tpv.sr/uhAMHj-zV/;до 18 ноября  ;;за топ 100;;4 сервер;;
https://holodos-24.ru;;ПАУЗА ;https://tpv.sr/uhAbdP-X7/;;;;;;;
;;;;;;;;;;
сетка сайтов от 1 клиента;;;;до 20 сентября;53000;Эдик помогает;;;;
uslugi-santehnikov.ru;26.06.2023;ПАУЗА;https://tpv.sr/uhA2x0-e0/;;;;;;;
profi-na-chas.ru;26.06.2023;ПАУЗА;https://tpv.sr/uhA2x1-4o/;;;;;;;
lideruslug.ru;27.06.2023;ПАУЗА;;;;;;;;
elektroprof.ru ;27.06.2023;ПАУЗА;;;;;;;;
profiremontnik.ru;07.06.2023;ПАУЗА;https://tpv.sr/uhAAzk-QB/;;;;;;;
domashniy-masterok.ru;07.06.2023;ПАУЗА;https://tpv.sr/uhAB1P-GV/;;;;;;;
uslugi-elektrik.ru;07.11.2023;ПАУЗА;;;;;;;;
mir-elektriki.ru;19.07.2023;ПАУЗА;;;;;;;;
;;;;;;;;;;
nresh.club;26.06.2023;ЗАПУЩЕН;https://tpv.sr/uhAOaV-Fl/;до 27 января  ;5000;тест накрутки свежего домена;;;;
;;;;;;;;;;
сетка сайтов от 1 клиента;;;;;;;;;;
vavada-411x.ru;27.06.2023;ПАУЗА;https://tpv.sr/uhA37T-u1/;;;неделя в заморозке;;;;
https://casino-x744.ru;27.06.2023;ПАУЗА;https://tpv.sr/uhASyx-xj/;до 15 сентября ;7500;;;;;
casinoxblank.ru;28.06.2023;ПАУЗА;https://tpv.sr/uhA3H8-Ko/;;;;;;;
;;;;;;;;;;
сетка сайтов от 1 клиента;;;;;12500;;;;;
cat-casino-registraciya5555w.ru замена на pattayahome.info;28.06.2023;ЗАПУЩЕН;https://tpv.sr/uhAPcW-Tn/;до 28 февраля  ;;;;;;
gama-play11.ru замена на atomm7x7.ru;28.06.2023;ПАУЗА;https://tpv.sr/uhALqd-Z7/;до 28 августа ;;;;2 сервер;;
;;;;;;;;;;
сетка сайтов от 1 клиента;;;;;15000;;;;;
9osey.ru;29.06.2023;ПАУЗА ;https://tpv.sr/uhA3Yl-sv/;до 13 декабря  ;;;;;;
komfort03.ru;29.06.2023;ПАУЗА ;https://tpv.sr/uhA3Yn-nk/;до 13 января     ;;;;2 сервер;;
vodahelp24.ru;29.06.2023;ПАУЗА ;https://tpv.sr/uhAG5M-g8/;до 13 января     ;;;;;;
;;;;;;;;;;
сетка сайтов от 1 клиента ;;;;;;;;;;
https://pickuptaxi.ru/;29.06.2023;ЗАПУЩЕН;https://tpv.sr/uhA3gt-lT/;до 1 февраля  ;;;;;;
https://simph.pickuptaxi.ru/;29.06.2023;ЗАПУЩЕН;https://tpv.sr/uhA3gs-ul/;до 1 февраля  ;;;;;;
https://kerch.pickuptaxi.ru/;29.06.2023;ЗАПУЩЕН;https://tpv.sr/uhA3gr-Bf/;до 1 февраля  ;;;;;;
https://yalta.pickuptaxi.ru/;29.06.2023;ЗАПУЩЕН;https://tpv.sr/uhA3gq-oG/;до 1 февраля  ;;;;;;
https://djank.pickuptaxi.ru/;29.06.2023;ЗАПУЩЕН;https://tpv.sr/uhA3gp-0G/;до 1 февраля  ;;;;;;
sneakers-type.ru;11.08.2023;ПАУЗА;https://tpv.sr/uhAMLK-13/;до 11 сентября ;;;;5 сервер;;
https://aquapark.more-on.ru/;16.07.2023;ЗАПУЩЕН;https://tpv.sr/uhAGN5-wW/;до 16 декабря  ;;;;;;
https://fitness.more-on.ru/;16.07.2023;ЗАПУЩЕН;https://tpv.sr/uhAGN4-l8/;до 16 января  ;;;;;;
planken77.ru;20.07.2023;ПАУЗА ;https://tpv.sr/uhAHIH-vK/;до 20 августа;;;;;;
https://real-avto.com/;24.08.2023;ПАУЗА ;https://tpv.sr/uhAOpr-uw/;до 24 декабря  ;;;;;;
wild-tigers.ru;;ПАУЗА ;https://tpv.sr/uhAc9t-Ow/;до 19 декабря  ;;;;;;
Wai-Wai.ru;;ЗАПУЩЕН;;до 24 января ;;;;;;
;;;;;;;;;;
сетка сайтов от 1 клиента ;;;;;10.000;;;;;
watertodrink.ru;;ПАУЗА;https://tpv.sr/uhA42D-dY/;до 3 сентября  ;;;;2 сервер;;
vse-kraski.ru;;ПАУЗА;https://tpv.sr/uhA42E-iq/;до 3 сентября  ;;;;2 сервер;;
zaym-go.ru;21.07.2023;ПАУЗА ;;до 21 августа;7500;;;;;
estvaind.ru;03.08.2023;ПАУЗА;https://tpv.sr/uhAKpT-c2/;до 3 сентября ;5000;;;;;
;;;;;;;;;;
сетка сайтов от 1 клиента;;;;;;;;;;
fabrika-himchistki.ru;03.07.2023;ЗАПУЩЕН;https://tpv.sr/uhA3Pg-PC/;до 11 февраля  ;10 000;;;2 сервер;;
kovroedov.ru;03.07.2023;ЗАПУЩЕН;https://tpv.sr/uhAT60-ir/;до 11 февраля    ;;;;2 сервер;;
;;;;;;;;;;
greentechnica.ru;05.07.2023;ПАУЗА;https://tpv.sr/uhA8vx-fc/;до 5 октября   ;5000;;;2 сервер;;
;;;;;;;;;;
glavnaya-doroga.com;05.07.2023;ПАУЗА;https://tpv.sr/uhA6uw-L7/;до 4 октября ;5000;;;;;
;;;;;;;;;;
cleaning-servies.ru;07.07.2023;ПАУЗА ;https://tpv.sr/uhAAjh-4m/;до 9 декабря  ;7500;;;4 сервер;;
;;;;;;;;;;
dialcon.ru;07.07.2023;ПАУЗА;https://tpv.sr/uhA8y7-qT/;до 28 июля ;5000;;;;;
;;;;;;;;;;
сетка сайтов от 1 клиента ;;;;;;;;;;
design-parquet.ru;08.07.2023;ЗАПУЩЕН;https://tpv.sr/uhABk4-51/;до 30 января   ;2500;;;;;
spetsialistcorp.ru;08.07.2023;ЗАПУЩЕН;https://tpv.sr/uhAB1g-0D/;до 30 января   ;2500;;;;;
wc-cubicles.ru;22.07.2023;ЗАПУЩЕН;;до 30 января   ;2500;;;;;
;;;;;;;;;;
сетка сайтов от 1 клиента ;;;;;;;;;;
buhlovoz-ekb.ru  (замена домена ekb.buhlovoz2.ru);09.07.2023;ПАУЗА;https://tpv.sr/uhAC1X-SQ/;до 9 сентября ;5000;;;;;
https://buhlovoz-msk.ru ;09.08.2023;ПАУЗА;https://tpv.sr/uhALcn-3T/;до 9 сентября ;5000;;;;;
;;;;;;;;;;
сетка сайтов от 1 клиента ;;;;;;;;;;
smu-27.ru (топвизор обновил и прикрепил);10.07.2023;ЗАПУЩЕН;https://tpv.sr/uhAOeO-ZH/;до 23 декабря  ;5000;;;;;
rushbet.ru;10.07.2023;ЗАПУЩЕН;https://tpv.sr/uhACKR-PM/;до 11 декабря  ;5000;;;2 сервер;;
https://apollonia-dent.com/;11.07.2023;ЗАПУЩЕН;https://tpv.sr/uhAyih-kX/ ;до 16 января;5000;;;;;
dostavkatsvetov.ru;10.07.2023;ЗАПУЩЕН;https://tpv.sr/uhADOx-Gl/;до 11 декабря   ;5000;;;;;
https://skincareshop.ru/;17.07.2023;ЗАПУЩЕН;https://tpv.sr/uhANIg-wU/ ;до 19 декабря   ;5000;;;3 сервер;;
https://best-ecoservice.ru/;02.08.2023;ПАУЗА;https://tpv.sr/uhAKER-fN/;до 2 сентября;5000;;;;;
https://panorama-restaurant.ru/;25.08.2023;ЗАПУЩЕН;https://tpv.sr/uhAOuE-Uk/;до 23 декабря  ;;;;;;
dostavka-produktov.ru;18.10.2023;ПАУЗА ;https://tpv.sr/uhAUEp-nG/;до 18 октября ;;;;;;
https://masterremontamsk.ru/;;ЗАПУЩЕН;https://tpv.sr/uhAaMl-cq/;до 11 декабря   ;;;;;;
vetskoraya-24.ru;;ЗАПУЩЕН;https://tpv.sr/uhAevu-DK/;до 25 декабря;;;;;;
https://xn----7sbhhdaunyfpbq4b4e.xn--p1ai/;;ЗАПУЩЕН;https://tpv.sr/uhAkWk-ez/;до 31 декабря ;;;;;;
beliy-kit.ru/ ;;ЗАПУЩЕН;;до 9 декабря;;;;;;
karnizy-i-shtory-na-zakaz.ru/;;ЗАПУЩЕН;https://tpv.sr/uhAz7Z-GP/ ;до 17 декабря;;;;;;
;;;;;;;;;;
keyking.ru;10.07.2023;ПАУЗА;https://tpv.sr/uhACqq-nP/;до 10 августа;5000;;;;;
;;;;;;;;;;
сетка сайтов от 1 клиента ;;;;;;;;;;
https://www.vsemvzaimy.ru;11.07.2023;ПАУЗА ;https://tpv.sr/uhANf5-nG/;до 1 февраля ;;;;2 и 5 сервер;;
1 пакет;;ПАУЗА ;;;;;;;;
2 и 3 пакет;;ПАУЗА ;;;;;;;;
4 пакет;;ПАУЗА ;;;;;;;;
mickrozaim.ru;11.07.2023;ЗАПУЩЕН;https://tpv.sr/uhANf4-S5/;до 1 февраля ;20000;;;4 сервер;;
1 пакет;;ЗАПУЩЕН;;до 1 февраля ;;;;;;
2 пакет;;;;;;;;;;
;;;;;;;;;;
slp-legal.ru ;13.07.2023;ЗАПУЩЕН;https://tpv.sr/uhAFh8-Ww/;до 13 февраля    ;5000;;;;;
;;;;;;;;;;
niksololov.ru;10.07.2023;ПАУЗА;пришлю новые слова;до 10 сентября  ;10000;Эдик помогает;;;;
;;;;;;;;;;
muzh-na-chas-irk.ru;13.07.2023;ПАУЗА;https://tpv.sr/uhAG0O-kl/;до 11 августа ;3750;;;;;
;;;;;;;;;;
m-door.ru;15.07.2023;ПАУЗА;https://tpv.sr/uhAx9G-yl/;до 1 декабря ;7500;;;;;
;;;;;;;;;;
сетка сайтов от 1 клиента ;;;; ;20000;;;;;
https://кирпичный-завод-новокубанский.рф/;16.07.2023;ПАУЗА;https://tpv.sr/uhAGMq-MC/;до 18 ноября  ;;;;;;
https://акваочистка.рф/;16.07.2023;ПАУЗА;https://tpv.sr/uhAGMw-1Q/;до 18 ноября ;;;;;;
https://32.рф/;16.07.2023;ПАУЗА;https://tpv.sr/uhAGN1-OZ/;;;;;;;
gus-hrustalnyi-zavod.ru >> nekofranch.ru;16.07.2023;ПАУЗА;https://tpv.sr/uhAGN2-6c/;до 18 ноября  ;;;;;;
https://clinic-nl.ru/;16.07.2023;ПАУЗА ;https://tpv.sr/uhAGN3-W0/;до 24 ноября ;;;;;;
geojetexploration.com;24.07.2023;ПАУЗА;https://tpv.sr/uhAHsA-Co/;до 24 ноября ;5000;;;;;
https://stylish-design.site/;24.07.2023;ПАУЗА;https://tpv.sr/uhAHsB-8e/;до 24 ноября ;5000;;;;;
https://artpunk23.ru/;24.07.2023;ПАУЗА;https://tpv.sr/uhAHsC-Kk/;до 24 августа;5000;;;;;
krastech.ru;04.09.2023;ЗАПУЩЕН;https://tpv.sr/uhARpO-Jk/;4 февраля  ;5000;;;;;
design-facade.ru;04.09.2023;ЗАПУЩЕН;https://tpv.sr/uhARpS-NX/;4 февраля     ;5000;;;;;
business-light.ru;04.09.2023;ПАУЗА;https://tpv.sr/uhARpk-og/;4 января    ;5000;;;;;
;;;;;;;;;;
malenaonline.com;18.07.2023;ОСТАНОВЛЕН;https://tpv.sr/uhAGt9-N3/;;3750 на кворке;;;3 сервер;;
;;;;;;;;;;
сетка сайтов от 1 клиента ;;;;;;;;;;
ouggi.ru;16.10.2023;ЗАПУЩЕН;https://tpv.sr/uhAbPF-pb/;до 16 февраля  ;;;;2 сервер;;
ugg-avstralia.ru;16.10.2023;ЗАПУЩЕН;https://tpv.sr/uhAb5L-J6/;до 16 февраля  ;;;;;;
yeezy-boost.moscow;03.07.2023;ПАУЗА;https://tpv.sr/uhAH5S-Fx/;;;;;2 сервер;;
Jordan-shop.moscow;03.07.2023;ПАУЗА;https://tpv.sr/uhAGx5-jp/;;;;;3 сервер;;
goods.msk.ru;08.08.2023;ПАУЗА;https://tpv.sr/uhALYC-Ds/;;;;;;;
;;;;;;;;;;
rt.beautygocams.com;17.07.2023;ПАУЗА;https://tpv.sr/uhAGSA-6G/; до 24 июля;2750 на кворке;;;;;
;;;;;;;;;;
сетка сайтов от 1 клиента ;;;;до 26 декабря  ;;;;;;
bim-bureau.ru;20.07.2023;ЗАПУЩЕН;https://tpv.sr/uhAGx1-rf/;;;;;;;
bespalovanadya.ru ;20.07.2023;ПАУЗА;https://tpv.sr/uhAGx3-3q/;;;;;;;
alliance-krk.ru;;ЗАПУЩЕН;;до 13 февраля  ;;;;;;
psy-klinika.ru;;ЗАПУЩЕН;;до 13 февраля  ;;;;;;
;;;;;;;;;;
сетка сайтов от 1 клиента ;;;;до 20 августа;20000;;;;;
https://help-idel.ru;20.07.2023;ПАУЗА ;https://tpv.sr/uhAHIR-ZN/;;;;;3 сервер;;
https://moskva.legkomebel.ru;20.07.2023;ЗАПУЩЕН;https://tpv.sr/uhAHIT-f3/;;;;;;;
https://gorod-buketov.ru;20.07.2023;ЗАПУЩЕН;ОБНОВИТЬ СЛОВА;до 20 сентября ;;;;3 сервер;;
https://infooblako.ru;20.07.2023;ПАУЗА ;https://tpv.sr/uhAHIW-nQ/;;;;;;;
https://mebel-domu.ru;20.07.2023;ЗАПУЩЕН;;;;;;;;
https://ortomag77.ru;20.07.2023;ПАУЗА ;https://tpv.sr/uhAGd9-zc/;;;;;;;
https://cherdak-masterskaya.ru;20.07.2023;ЗАПУЩЕН;ОБНОВИТЬ СЛОВА;до 20 сентября ;;;;3 сервер;;
https://www.bt-technika.ru;25.07.2023;ЗАПУЩЕН;https://tpv.sr/uhAI54-2v/;до 25 октября ;2500;;;3 сервер;;
https://www.studio-otragenie.ru;25.07.2023;ЗАПУЩЕН;https://tpv.sr/uhAI5D-f9/;до 25 октября ;2500;;;;;
https://parfummaniya.ru;25.07.2023;ЗАПУЩЕН;https://tpv.sr/uhAI5B-pj/;до 25 октября ;2500;;;;;
https://tokidoki.su;25.07.2023;ЗАПУЩЕН;https://tpv.sr/uhAI5C-Hz/;до 25 октября ;2500;;;;;
https://skolkovo.surfbrothers.ru;04.08.2023;ЗАПУЩЕН;https://tpv.sr/uhAKpz-iA/;до 4 октября  ;;;;2 сервер;;
game77.ru;04.08.2023;ЗАПУЩЕН;https://tpv.sr/uhAKq0-aq/;до 4 октября  ;;;;2 сервер;;
https://alumin.top;04.08.2023;ПАУЗА;https://tpv.sr/uhAKq3-5f/;до 4 октября  ;;;;2 сервер;;
https://knp-oil.ru;04.08.2023;ЗАПУЩЕН;https://tpv.sr/uhAKq4-ke/;до 4 октября  ;;;;2 сервер;;
https://www.neoburo.ru;04.08.2023;ЗАПУЩЕН;https://tpv.sr/uhAKq5-5R/;до 4 октября  ;;;;2 сервер;;
lakes.ru;04.08.2023;ЗАПУЩЕН;https://tpv.sr/uhAKq6-Sf/;до 4 октября  ;;;;2 сервер;;
https://www.shkaflon.ru;04.08.2023;ЗАПУЩЕН;https://tpv.sr/uhAKq7-09/;до 4 октября  ;;;;2 сервер;;
https://www.merokas.com;04.08.2023;ЗАПУЩЕН;https://tpv.sr/uhAKq8-H2/;до 4 октября;;;;2 сервер;;
bt-technika.ru;08.08.2023;ЗАПУЩЕН;https://tpv.sr/uhAU2S-Nr/;до 14 октября  ;;;;3 сервер;;
moscow.bt-technika.ru;08.08.2023;ЗАПУЩЕН;https://tpv.sr/uhALaN-2d/;до 8 сентября ;;;;3 сервер;;
съедобныебукеты24.рф;20.08.2023;ЗАПУЩЕН;https://tpv.sr/uhAOPU-MR/;до 20 сентября ;;;;;;
17 сайтов;21.08.2023;ЗАПУЩЕН;;до 21 октября ;;;;;;
4 сайта;25.08.2023;ЗАПУЩЕН;https://tpv.sr/uhAP8F-pd/  https://tpv.sr/uhAP8G-yD/  https://tpv.sr/uhAP8H-qI/   https://tpv.sr/uhAP8N-DA/;до 25 сентября ;;;;;;
11 сайтов ;;ЗАПУЩЕН;;до 1 февраля  ;;;;;;
8 сайтов ;;ЗАПУЩЕН;;до 4 февраля  ;;;;;;
26 сайтов;;ЗАПУЩЕН;;до 21 февраля  ;;;;;;
5 сайтов;;ЗАПУЩЕН;;до 25 декабря  ;;;;;;
5 сайтов ;;ЗАПУЩЕН;;до 15 января  ;;;;;;
;;;; ;;;;;;
сетка сайтов от 1 клиента ;;;;;;;;;;
http://megapolisrent.ru;20.07.2023;ЗАПУЩЕН;https://tpv.sr/uhAHIa-rY/;до 1 февраля  ;;;;3 сервер;;
youmet.ru;30.08.2023;ЗАПУЩЕН;https://tpv.sr/uhAQ9g-xL/;до 1 февраля    ;;;;;;
newform.studio;;ЗАПУЩЕН;https://tpv.sr/uhAfdo-V6/;до 5 декабря ;;;;;;
s-tab.ru;07.09.2023;ЗАПУЩЕН;https://tpv.sr/uhASQP-Aa/;до 3 декабря;;;;;;
https://mastera-remonta.com/;09.09.2023;ПАУЗА;https://tpv.sr/uhAT16-nS/;до 9 октября ;;;;;;
top-casino-the-2022-3.top;21.09.2023;ПАУЗА;https://tpv.sr/uhAW00-oF/;до 21 октября;;;;;;
https://mebelspb.su/;;ЗАПУЩЕН;https://tpv.sr/uhAaTj-IZ/;до 26 декабря ;;;;;;
free-creative.com;;ЗАПУЩЕН;https://tpv.sr/uhAbS4-RG/;до 27 декабря ;;;;;;
https://h.mosdosug4.info/;;ЗАПУЩЕН;https://tpv.sr/uhAnW6-sF/  ;до 3 декабря;;;;;;
https://whiterabbit-flowers.ru/;;ЗАПУЩЕН;https://tpv.sr/uhAnWB-23/;до 3 декабря;;;;;;
http://free-creative.com;;;;до 30 декабря;;;;;;
https://mebelspb.su/;;;;;;;;;;
smartremont.com;;ЗАПУЩЕН;https://tpv.sr/uhAr4C-Y6/;до 5 декабря ;;;;;;
gormetlom.ru;;ЗАПУЩЕН;https://tpv.sr/uhAr46-w5/;до 5 декабря ;;;;;;
homestoryrus.ru;;ЗАПУЩЕН;https://tpv.sr/uhAr40-jh/;до 5 декабря ;;;;;;
розетки;;ЗАПУЩЕН;https://tpv.sr/uhAvAy-lm/;до 11 декабря ;;;;;;
https://atis-auto.ru/;;ЗАПУЩЕН;https://tpv.sr/uhB0NT-Gw/;до 28 декабря  ;;;;;;
dzconcept.ru;;ЗАПУЩЕН;https://tpv.sr/uhB400-p1/;до 28 декабря ;;;;;;
tebika.ru;;ЗАПУЩЕН;https://tpv.sr/uhB400-p1/;до 28 декабря ;;;;;;
shreder24.ru/;;ЗАПУЩЕН;;до 30 декабря;;;;;;
slivaeminfo.ru;;ЗАПУЩЕН;;до 23 января ;;;;;;
;;;;;;;;;;
сетка сайтов от 1 клиента ;;;;;;;;;;
mie.ru;21.07.2023;ПАУЗА;https://tpv.sr/uhAHK3-UF/; ;5000;;;2 сервер;;
mebel-troya.ru;26.07.2023;ПАУЗА;https://tpv.sr/uhAPHc-xn/;до 26 октября  ;5000;;;;;
https://marlinspace.ru/;11.08.2023;ПАУЗА;https://tpv.sr/uhAMHh-55/;до 11 ноября  ;5000;;;;;
https://choza-sushi.ru/;11.08.2023;ПАУЗА;https://tpv.sr/uhAMHg-nb/;до 1 января;5000;;;;;
;;;;;;;;;;
сетка сайтов от 1 клиента ;;;;;10000;;;;;
https://bluenative.ru/;21.07.2023;ЗАПУЩЕН;ЗАМЕНА >> https://tpv.sr/uhAOAE-a7/;до 21 января  ;;;;;;
https://magazin-voshina.ru/;21.07.2023;ЗАПУЩЕН;ЗАМЕНА >> https://tpv.sr/uhAOAD-3y/;до 21 января  ;;;;;;
rusyaev.com;27.09.2023;ЗАПУЩЕН;https://tpv.sr/uhAWJl-y5/;до 21 января  ;;;;;;
avantiz.ru;;ЗАПУЩЕН;https://tpv.sr/uhAcF1-SY/;до 21 января  ;;;;;;
burovoe-oborudovanie18.ru;;ЗАПУЩЕН;https://tpv.sr/uhAcF2-xd/;до 21 января  ;;;;;;
bansk.ru;;ЗАПУЩЕН;https://tpv.sr/uhAcF6-Vy/;до 21 января  ;;;;;;
burovoynasos.ru;;ЗАПУЩЕН;;до 21 января  ;;;;;;
http://rumexport.ru/;;ЗАПУЩЕН;https://tpv.sr/uhB0gc-ih/;до 21 января  ;;;;;;
;;;;;;;;;;
www.presentstar.ru;21.07.2023;ПАУЗА;https://tpv.sr/uhAH6B-jF/;до 5 сентября  ;3750;;;;;
;;;;;;;;;;
сетка сайтов от 1 клиента ;;;;до 23 августа;15000;;;;;
technika-stroy.ru;23.07.2023;ПАУЗА;https://tpv.sr/uhAHfD-eL/;;;;;;;
rusvelikaia.ru;23.07.2023;ПАУЗА;https://tpv.sr/uhAHfH-xO/;;;;;3 сервер;;
semena.ru;23.07.2023;ПАУЗА;https://tpv.sr/uhANHa-vP/;до 16 сентября;;;;3 сервер;;
kuvalda.ru ;16.08.2023;ПАУЗА;https://tpv.sr/uhAV9T-MN/;до 22 ноября;;;;5 сервер;;
edem-svadba.ru;16.08.2023;ПАУЗА;https://tpv.sr/uhAh6H-nC/;до 22 ноября;;;;3 сервер;;
;;;;;;;;;;
сетка сайтов от 1 клиента ;;;;до 11 февраля  ;;;;;;
https://gazobeton-spb.pro;25.07.2023;ЗАПУЩЕН;https://tpv.sr/uhAI5K-6Y/;;;;;;;
https://remstart.ru;25.07.2023;ЗАПУЩЕН;https://tpv.sr/uhAI5L-r1/;;;;;;;
https://okean.shop;25.07.2023;ЗАПУЩЕН;https://tpv.sr/uhAI5M-iL/;;;;;;;
https://beton-experts.ru;25.07.2023;ПАУЗА;https://tpv.sr/uhAI5N-4d/;;;;;3 сервер;;
https://concordtorg.ru;25.07.2023;ЗАПУЩЕН;https://tpv.sr/uhAI5O-AQ/;;;;;;;
sexxysochi.com;https://tpv.sr/uhAT15-cz/;ЗАПУЩЕН;https://tpv.sr/uhAI5R-bL/;;;;;;;
https://armat-metall.ru;25.07.2023;ПАУЗА;https://tpv.sr/uhAI5P-wm/;;;;;;;
https://fundamenty-expert.ru;25.07.2023;ЗАПУЩЕН;https://tpv.sr/uhAI5Q-a4/;;;;;;;
zooservis.ru;09.08.2023;ЗАПУЩЕН;https://tpv.sr/uhALqS-3e/;;;;;4 сервер;;
https://i-stock.store/;24.08.2023;ЗАПУЩЕН;https://tpv.sr/uhAOqP-nb/; ;;;;;;
oknazakaz.ru;25.08.2023;ЗАПУЩЕН;https://tpv.sr/uhAPKH-mq/;;;;;;;
https://pomagaickin.ru/;;ЗАПУЩЕН;https://tpv.sr/uhAh1m-SV/;;;;;;;
https://l-ch.ru/;;ЗАПУЩЕН;https://tpv.sr/uhAbbY-xF/;;;;;;;
;;;;;;;;;;
сетка сайтов от 1 клиента ;;;;;;;;;;
купить-отзыв.рус;26.07.2023;ПАУЗА;https://tpv.sr/uhAR8Q-oV/;до 18 октября ;3750;;;2 сервер;;
империя-климата.рф;02.09.2023;ПАУЗА;https://tpv.sr/uhAR8M-RH/;до 18 октября ;;;;;;
imperiamsk.ru;31.08.2023;ПАУЗА;https://tpv.sr/uhAQKu-m3/;до 18 октября   ;5000;;;;;
накруткапф.рф;;ЗАПУЩЕН;https://tpv.sr/uhAfuX-vv/;до 23 февраля   ;;;;;;
вятский-строитель.рус (МСК);;ЗАПУЩЕН;https://tpv.sr/uhAfuX-vv/;до 23 февраля  ;;;;;;
вятский-строитель.рус (НН);;ЗАПУЩЕН;https://tpv.sr/uhAdkO-qJ/;до 23 февраля   ;;;;;;
;;;;;;;;;;
kerel.ru;27.07.2023;ПАУЗА;https://tpv.sr/uhAIIR-ni/;до 11 августа;3750;;;2 сервер;;
;;;;;;;;;;
сетка сайтов от 1 клиента ;;;;;;;;;;
fencecorp.ru;29.07.2023;ЗАПУЩЕН;https://tpv.sr/uhAIfU-xK/;до 17 февраля ;5000;;;;;
mills-market.ru;13.08.2023;ЗАПУЩЕН;https://tpv.sr/uhAMPI-Sd/;до 17 февраля ;5000;;;5 сервер;;
kamnereznie-masterskie.ru;12.09.2023;ЗАПУЩЕН;https://tpv.sr/uhATZc-cp/;до 17 февраля ;5000;;;;;
deal-ocenka.ru;;ЗАПУЩЕН;;до 17 февраля ;;;;;;
metchikiplashka.ru;;ЗАПУЩЕН;;до 17 февраля ;;;;;;
авто-скупка77.рф;;ЗАПУЩЕН;https://tpv.sr/uhAz3f-OX/;до 17 февраля ;;;;;;
tm-metall.ru;;ЗАПУЩЕН;https://tpv.sr/uhAz3i-yP/;до 17 февраля ;;;;;;
nastil-pvh.ru ;;ЗАПУЩЕН;https://tpv.sr/uhAz3h-4u/;до 17 февраля ;;;;;;
thaistar.ru;;ЗАПУЩЕН;;до 17 февраля ;;;;;;
;;;;;;;;;;
http://ava-stroygroup.ru/;30.07.2023;ПАУЗА;https://tpv.sr/uhAIlv-DS/;до 30 августа ;10000;;;;;
;;;;;;;;;;
сетка сайтов от 1 клиента;;;;до 1 февраля  ;;;;;;
glav-klining.ru (Уфа);31.07.2023;ПАУЗА;https://tpv.sr/uhAIxu-v9/;до 1 февраля  ;5000;;;сервер 1;;
glav-klining.ru (Москва);02.08.2023;ПАУЗА ;https://tpv.sr/uhAJqT-JJ/;до 1 февраля  ;5000;;;сервер 4;;
misterpotolok.ru;10.08.2023;ЗАПУЩЕН;https://tpv.sr/uhALtk-CP/;до 1 февраля  ;5000;;;;;
moscow-propusk.ru;15.08.2023;ЗАПУЩЕН;https://tpv.sr/uhAMsA-Jr/;до 1 февраля  ;5000;;;;;
gostexosmotr.ru (12 ключей);19.08.2023;ЗАПУЩЕН;https://tpv.sr/uhAOB1-HD/;до 1 февраля  ;2500;;;;;
muhomor24.ru (12 ключей);19.08.2023;ЗАПУЩЕН;https://tpv.sr/uhANkW-Fy/;до 1 февраля  ;2500;;;;;
tekhosmotr24.com;;ЗАПУЩЕН;https://tpv.sr/uhAP9t-cG/;до 1 февраля  ;;;;;;
diagcard.pro;;ЗАПУЩЕН;https://tpv.sr/uhAP9v-Bm/;до 1 февраля  ;;;;;;
osago-blank.co;;ЗАПУЩЕН;https://tpv.sr/uhAP9s-rH/;до 1 февраля  ;;;;;;
tekhosmotr-online.site;10.09.2023;ЗАПУЩЕН;https://tpv.sr/uhAT2f-07/;до 1 февраля  ;;;;;;
;;;;;;;;;;
сетка сайтов от 1 клиента ;01.07.2023;;; ;;;;;;
cruzo.ru;;ЗАПУЩЕН;;до 8 февраля ;;;;;;
pharm-integrator.ru;;ЗАПУЩЕН;;до 11 января;;;;;;
diamonds-are-forever.ru ;;ЗАПУЩЕН;;до 18 января;;;;;;
spec-technix.ru ;;ЗАПУЩЕН;;до 23 февраля;;;;;;
21rehab.ru;;ПАУЗА ;;до 11 ноября ;;;;;;
diamonds-are-forever.ru;;ПАУЗА ;;до 18 ноября;;;;;;
star-carpet.ru ;;ПАУЗА ;;до 20 ноября;;;;;;
vodastroyservis.ru;;ПАУЗА ;;до 20 ноября;;;;;;
avtopanda.com;;ПАУЗА;;до 26 ноября;;;;;;
economstom.ru;;ПАУЗА ;;до 8 декабря ;;;;;;
pharm-integrator.ru;;ПАУЗА ;;до 11 декабря ;;;;;;
satra.ru;;ЗАПУЩЕН;;до 9 февраля;;;;;;
elitpack.ru;;ЗАПУЩЕН;;до 24 февраля;;;;;;
;;;;;;;;;;
сетка сайтов от 1 клиента (Вадим);01.07.2023;;;;42500;;;;;
advokat-demin.ru;;ПАУЗА;https://tpv.sr/uhAJBY-dw/;;;;;сервер 4;;
vshpone.ru;;ЗАПУЩЕН;https://tpv.sr/uhAJBj-4G/;до 1 февраля  ;;;;сервер 4;;
cleanon-spb.ru;;ПАУЗА ;https://tpv.sr/uhAJC7-yu/;;;;;сервер 4;;
cleanon.ru;;ПАУЗА ;https://tpv.sr/uhAJBv-Ez/;;;;;сервер 4;;
victoriaspirina.com;;ПАУЗА ;https://tpv.sr/uhAJBw-fE/;;;;;сервер 4;;
keratin-beauty.ru;;ПАУЗА ;https://tpv.sr/uhAOqr-0L/;;;;;;;
ne-gorit.ru;;ЗАПУЩЕН;https://tpv.sr/uhAOr3-VO/;до 21 февраля;;;;;;
opex-f.ru;;ЗАПУЩЕН;https://tpv.sr/uhAOr5-sy/;до 1 февраля  ;;;;;;
dveri178.ru;;ПАУЗА ;https://tpv.sr/uhAOrD-iL/;;;;;;;
mirpionov.ru;;ПАУЗА ;https://tpv.sr/uhAOrH-6Y/;;;;;;;
unbanalpeter.ru;;ЗАПУЩЕН;https://tpv.sr/uhAOrJ-28/;до 1 февраля  ;;;;;;
nsk.service-eco.ru;;ПАУЗА ;https://tpv.sr/uhAOrO-iz/;;;;;;;
modylstroi.ru;;ПАУЗА ;;до 13 сентября ;;;;;;
dostavka-krupnomerov.ru ;;ПАУЗА ;;до 22 октября ;;;;;;
domkrupnomerov.ru;;ПАУЗА;;до 22 октября ;;;;;;
klining-kompani.ru;;ПАУЗА ;;до 22 октября ;;;;;;
siabit.ru;;ПАУЗА ;https://tpv.sr/uhAT0Q-jU/;до 10 октября ;;;;;;
dostupnoepravo.ru;;ЗАПУЩЕН;;29 февраля;;;;;;
;;;;;;;;;;
https://gates-ofolympus.net/;01.07.2023;ПАУЗА;https://tpv.sr/uhAJ8i-fV/;до 30 августа;3750;;;;;
;;;;;;;;;;
glamour-and-gold.ru ;04.08.2023;ЗАПУЩЕН;https://tpv.sr/uhANkc-gy/;до 4 февраля  ;5000;;;;;
https://japan-power.ru/;04.09.2023;ЗАПУЩЕН;https://tpv.sr/uhARu5-Re/;до 4 февраля   ;5000;;;;;
glamour-krossovki.ru;;ПАУЗА ;https://tpv.sr/uhAofn-Bo/;до 4 января  ;;;;;;
;;;;;;;;;;
https://profilpro.ru/ + https://shop.profilpro.ru/;;ЗАПУЩЕН;https://tpv.sr/uhALH6-Ja/;до 10 февраля  ;5000;;;;;
;;;;;;;;;;
сетка сайтов от 1 клиента;;;;до 10 сентября;;;;;;
https://adv96.ru;10.08.2023;ПАУЗА;https://tpv.sr/uhAM40-0D/;;5000;;;4 сервер;;
sweet-bonanza-casino.com;10.08.2023;ПАУЗА;https://tpv.sr/uhAM41-K4/;;5000;;;4 сервер;;
https://vavada14.com ;10.08.2023;ПАУЗА;https://tpv.sr/uhAM3q-XQ/;;5000;;;4 сервер;;
https://sykaaa-casinos.ru/;10.08.2023;ПАУЗА;https://tpv.sr/uhAMHd-gh/;;5000;;;;;
https://fruit-cocktail-game.com/;10.08.2023;ПАУЗА;https://tpv.sr/uhAMHe-08/;;5000;;;;;
vavada11.info;14.10.2023;ПАУЗА;https://tpv.sr/uhAMfO-7D/;до 19 сентября ;5000;;;5 сервер;;
vavada110.info >> vavada109.info >> vavada36.info;14.10.2023;ПАУЗА;https://tpv.sr/uhAMfU-E1/;до 19 сентября ;5000;;;5 сервер;;
vavada35.info;14.10.2023;ПАУЗА;https://tpv.sr/uhAMff-O5/;до 19 сентября ;5000;;;5 сервер;;
vavada116.info;21.08.2023;ПАУЗА;https://tpv.sr/uhAO2F-Yw/;до 21 сентября;5000;;;5 сервер;;
vavadauu.buzz;25.08.2023;ПАУЗА ;https://tpv.sr/uhAP6L-y2/;до 10 сентября ;;;;;;
vavadac.buzz;;ПАУЗА;https://tpv.sr/uhAapk-io/;до 17 ноября ;;;;;;
vavadaig.buzz;;ПАУЗА;https://tpv.sr/uhAaqW-H1/;до 17 ноября ;;;;;;
leon-zerkalom.buzz;;ПАУЗА;https://tpv.sr/uhAba3-rB/;до 17 ноября;;;;;;
leon-zerkalox.buzz;;ПАУЗА;https://tpv.sr/uhAbaT-3h/;до 17 ноября;;;;;;
;;;;;;;;;;
окна-строймонтаж.рф;10.08.2023;ПАУЗА ;https://tpv.sr/uhALtc-5h/;до 25 ноября   ;7500;;;4 сервер;;
;;;;;;;;;;
сетка сайтов от 1 клиента ;;;;  ;;;;;;
ograda-stroy.ru ;11.08.2023;ЗАПУЩЕН;;до 21 января  ;;;;4 сервер;;
belaya-rus.ru;11.08.2023;ПАУЗА ;;до 21 января  ;;;;4 сервер;;
Iq-detailing.ru;11.08.2023;ЗАПУЩЕН;;до 21 января  ;;;;4 сервер;;
mercedes-service-automatica.ru ;;ПАУЗА ;;до 21 января  ;;;;;;
;;;;;;;;;;
alidali.ru;14.08.2023;ПАУЗА;;до 5 декабря ;;;;;;
;;;;;;;;;;
сетка сайтов от 1 клиента ;16.08.2023;;;до 1 октября  ;10000;;;;;
https://satisfakcia.ru/;;ПАУЗА;https://tpv.sr/uhANQC-kL/;;;;;;;
https://avto-dengi.kz/;;ПАУЗА;https://tpv.sr/uhANQa-8y/;;;;;;;
https://arenta.kz/;;ПАУЗА;https://tpv.sr/uhANQc-re/;;;;;;;
https://dengiclick.kz/;;ПАУЗА;https://tpv.sr/uhANSD-fv/;;;;;;;
https://dengimarket.kz/;;ПАУЗА;https://tpv.sr/uhANQh-gi/;;;;;;;
https://ican-rc.ru/;;ПАУЗА;https://tpv.sr/uhANPy-Hm/;;;;;;;
https://goodwin-nnov.ru/;;ПАУЗА;https://tpv.sr/uhANQk-zV/;;;;;;;
https://lancette-nn.ru/;;ПАУЗА;https://tpv.sr/uhANQs-6C/;;;;;;;
https://rospacks.ru/;;ПАУЗА;https://tpv.sr/uhANRO-lg/;;;;;;;
https://lebedeva.ru/;;ПАУЗА;https://tpv.sr/uhANRs-ep/;;;;;;;
;;;;;;;;;;
casinofriends.co;16.08.2023;ПАУЗА;https://tpv.sr/uhANHu-xI/;до 16 октября ;7500;;;5 сервер;;
;;;;;;;;;;
сетка сайтов от 1 клиента ;;;;;15000;;;;;
neurongram.com;18.08.2023;ПАУЗА;https://tpv.sr/uhANUa-MW/;до 18 октября ;;;;5 сервер;;
prosvet.su/;18.08.2023;ПАУЗА;https://tpv.sr/uhANdw-Fs/;до 18 октября ;;;;5 сервер;;
prosvet.su/;18.08.2023;ПАУЗА;https://tpv.sr/uhANdw-Fs/;до 18 октября ;;;;5 сервер;;
skachat-cs.su >> http://malina.vldosug.ru;18.08.2023;ЗАПУЩЕН;https://tpv.sr/uhAUg1-Lf/;до 2 ноября  ;;;;5 сервер;;
goznakdiplomm.com;23.08.2023;ПАУЗА ;https://tpv.sr/uhAOeQ-HG/;до 23 октября  ;;;;;;
lifediplom.com;29.08.2023;ЗАПУЩЕН;https://tpv.sr/uhAPtE-7A/;до 29 сентября ;;;;;;
laskafurs.ru;09.09.2023;ЗАПУЩЕН;https://tpv.sr/uhAYyL-Lg/;до 5 декабря ;;;;;;
smmcode.shop;09.09.2023;ЗАПУЩЕН;https://tpv.sr/uhAZez-Sp/;до 9 декабря  ;;;;;;
oxford-russia.ru;;ЗАПУЩЕН;https://tpv.sr/uhAbwg-03/;до 22 ноября;;;;;;
https://chadgpt.ru/;;ЗАПУЩЕН;https://tpv.sr/uhAsKw-tq/;до 9 декабря  ;;;;;;
gazsnakdiplomss.com/;;ЗАПУЩЕН;https://tpv.sr/uhAt8L-q5/;до 10 декабря;;;;;;
https://spb.translux.ru/;;ЗАПУЩЕН;https://tpv.sr/uhAuf5-Jx/;до 10 декабря;;;;;;
https://translux.ru/;;ЗАПУЩЕН;https://tpv.sr/uhAuf8-QN/;до 10 декабря;;;;;;
https://domxoloda.ru/;;ЗАПУЩЕН;https://tpv.sr/uhAxnA-TQ/;до 15 декабря ;;;;;;
https://alkomedics.ru/;;ЗАПУЩЕН;https://tpv.sr/uhB0rL-eO/;до 20 декабря;;;;;;
noves-shop.com/;;ЗАПУЩЕН;https://tpv.sr/uhAbW2-cX/;до 18 декабря;;;;;;
http://ozempik.online/ ;;ЗАПУЩЕН;https://tpv.sr/uhBW0j-by/;до 25 декабря;;;;;;
https://baymart.ru/;;НЕТ;https://tpv.sr/uhBVzo-UV/;до 25 декабря;;;;;;
https://install-shop.org/;;НЕТ;https://tpv.sr/uhBW2V-tv/;до 25 декабря;;;;;;
https://www.coderstar.ru/;;НЕТ;https://tpv.sr/uhBWGz-d3/;до 25 декабря;;;;;;
;;;;;;;;;;
сетка сайтов от 1 клиента ;19.08.2023;;;до 21 ноября  ;12500;;;;;
изба-шерегеш.рф;;ПАУЗА ;https://tpv.sr/uhAN2o-2B/;;;;;5 сервер;;
krabsberi.ru;;ПАУЗА ;https://tpv.sr/uhAN2x-OM/;;;;;5 сервер;;
реставрацияокон.рф;;ПАУЗА ;https://tpv.sr/uhAKwM-KX/;;;;;4 сервер;;
saga.ru;;ПАУЗА ;https://tpv.sr/uhAN33-Bh/;;;;;5 сервер;;
natyaznoy-potolok.ru;;ПАУЗА ;https://tpv.sr/uhAOOk-tm/;;;;;;;
;;;;;;;;;;
сетка сайтов от 1 клиента ;;;;;;;;;;
narcolog-spas.ru;23.08.2023;ЗАПУЩЕН;https://tpv.sr/uhAOTN-2I/;до 23 февраля  ;5000;;;;;
некрополь64.рф;;ЗАПУЩЕН;;до 23 февраля    ;;;;;;
https://snp-med.ru/;12.09.2023;ЗАПУЩЕН;https://tpv.sr/uhATV5-Za/;до 12 февраля  ;5000;;;;;
https://climate-tech.tadel.ru/;;ЗАПУЩЕН;https://tpv.sr/uhAX8g-xL/;до 29 ноября  ;5000;;;;;
https://volgalom.ru/;;ЗАПУЩЕН;;до 8 декабря ;;;;;;
;;;;;;;;;;
nsalut.ru;23.08.2023;ПАУЗА;https://tpv.sr/uhAOgu-8c/;до 23 сентября ;5000;;;;;
;;; ; ;;;;;;
сетка сайтов от 1 клиента ;;;; ;10000;;;;;
https://whiterabbit-flowers.ru/;23.08.2023;ПАУЗА;https://tpv.sr/uhAOZG-bY/;;;;;;;
https://vektor-video.ru/;23.08.2023;ПАУЗА;https://tpv.sr/uhAOZE-iV/;;;;;;;
1001shkaf.ru;;ПАУЗА;https://tpv.sr/uhAOsl-ws/;24 сентября ;;;;;;
h-cons.ru;24.08.2023;ПАУЗА;https://tpv.sr/uhAOsp-q8/;до 24 сентября ;;;;;;
master-zamok.pro;24.08.2023;ПАУЗА;https://tpv.sr/uhAOsJ-CE/;до 24 сентября ;;;;;;
spec-odejda.ru;24.08.2023;ПАУЗА;https://tpv.sr/uhAOsK-tA/;до 24 сентября ;;;;;;
dysonsshop.ru;24.08.2023;ПАУЗА;https://tpv.sr/uhAOsu-G4/;до 24 сентября ;;;;;;
;;;; ;;;;;;
mosprint77. ru;26.08.2023;ПАУЗА;https://tpv.sr/uhAPAu-qB/;до 26 сентября ;;;;;;
;;;;;;;;;;
сетка сайтов от 1 клиента ;;;;;;;;;;
https://lsi-prodvizhenie.ru/;;ЗАПУЩЕН;;до 25 октября;7500;;;;;
https://hozyindachi.ru/;;ЗАПУЩЕН;;до 27 октября;5000;;;;;
https://msk.hozyindachi.ru/;;ПАУЗА;;;7500;;;;;
cleanon.ru;;ЗАПУЩЕН;;до 29 октября;10000;;;;;
zm-servis.ru;;ПАУЗА;;;;;;;;
срочная-печать-спб.рф;;ПАУЗА;https://tpv.sr/uhAR2l-G4/;;;;;;;
https://elomed.ru/;;ЗАПУЩЕН;https://tpv.sr/uhAR2y-8b/;до 4 декабря;5000;;;;;
aviamaniya.ru;;ПАУЗА;;;;;;;;
https://psycholog-v-centre.ru;;ЗАПУЩЕН;;до 7 ноября ;5000;;;;;
https://germes-consulting.ru/;;ПАУЗА;;;;;;;;
https://smu-19spb.ru;;ЗАПУЩЕН;;до 8 октября ;5000;;;;;
https://israel-immigration.co.il/;;ЗАПУЩЕН;;до 23 ноября;5000;;;;;
 https://www.intereruyut.ru;;ЗАПУЩЕН;;до 9 декабря ;5000;;;;;
https://smu-19spb.ru;;ЗАПУЩЕН;https://tpv.sr/uhATVH-5d/;до 16 октября;5000;;;;;
https://cheltcom.ru;;ЗАПУЩЕН;;до 12 октября;2500;;;;;
p-remonta.ru;;ЗАПУЩЕН;;до 13 ноября;5000;;;;;
https://colibri-cleaning.ru;;ЗАПУЩЕН;https://tpv.sr/uhATti-Cg/;до 15 октября;5000;;;;;
https://specmax.ru;;ПАУЗА;;;500;;;;;
https://rulevaja-rejka.ru;;ЗАПУЩЕН;https://tpv.sr/uhAUZO-0H/;до 18 октября;5000;;;;;
https://urbangreen.ru;;ПАУЗА;;;500;;;;;
https://skyflora.ru;;ПАУЗА;;;;;;;;
https://rtadental.com/;;ЗАПУЩЕН;;до 23 ноября;5000;;;;;
https://www.jackmenn.ru;;ЗАПУЩЕН;https://tpv.sr/uhAVkM-eP/;до 25 ноября;5000;;;;;
https://napolspb.ru;;ЗАПУЩЕН;https://tpv.sr/uhAVsQ-GK/;до 25 октября;5000;;;;;
https://germanyservice.ru;;ЗАПУЩЕН;;до 25 октября;5000;;;;;
https://cleanon-spb.ru/;;ЗАПУЩЕН;;до 25 октября;5000;;;;;
https://luxorta.ru;;ЗАПУЩЕН;https://tpv.sr/uhAWJd-a5/;до 27 ноября;5000;;;;;
https://domgrupp.ru;;ЗАПУЩЕН;https://tpv.sr/uhAWJh-yB/;до 27 ноября;5000;;;;;
https://msk-rehab.ru/;;тест;https://tpv.sr/uhAX1h-Kt/;тест;500;;;;;
https://ремонтрадиатора.рф/;;ЗАПУЩЕН;https://tpv.sr/uhAX8k-cb/;до 30 ноября;5000;;;;;
https://spb.rulevaja-rejka.ru/;;ЗАПУЩЕН;https://tpv.sr/uhAX9n-JK/;до 1 ноября;5000;;;;;
https://metall-piter.ru;;ЗАПУЩЕН;;до 5 ноября;5000;;;;;
https://bitovka50.ru;;ЗАПУЩЕН;;до 7 ноября;5000;;;;;
https://ikralife.ru;;ЗАПУЩЕН;;до 9 ноября;5000;;;;;
https://nerzhaveyka-v-spb.ru;;ЗАПУЩЕН;https://tpv.sr/uhAZYK-KQ/;до 9 ноября;5000;;;;;
https://msk.jackmenn.ru;;ЗАПУЩЕН;https://tpv.sr/uhAbP3-D8/;до 15 ноября;5000;;;;;
edismedco.ru;;ЗАПУЩЕН;;до 28 ноября;5000;;;;;
http://hammergroup.ru;;ЗАПУЩЕН;;до 1 декабря;5000;;;;;
cleaning-help.ru;;ЗАПУЩЕН;;до 2 декабря;5000;;;;;
https://exim-audit.ru/;;;;до 8 декабря;5000;;;;;
https://inter-logistik.su/;;;;до 8 декабря;5000;;;;;
https://lineikadesign.ru;;;;до 9 декабря ;5000;;;;;
;;;;;;;;;;
сетка сайтов от 1 клиента ;01.09.2023;;; ;8750;;;;;
https://narkomanii-centr.ru/;;ПАУЗА;;до 9 декабря ;;;;;;
помощник-нск.рф;;ПАУЗА;;до 9 декабря ;;;;;;
https://centr-narko.ru/;;ПАУЗА;https://tpv.sr/uhAQZR-zZ/;;;;;;;
ekb.sofosbuvirrussia.ru;;ПАУЗА;https://tpv.sr/uhAQZZ-bq/;;;;;;;
krasnodar.sofosbuvirrussia.ru;;ПАУЗА;https://tpv.sr/uhAQZa-5v/;;;;intereruyut.ru;;;
krasnoyarsk.sofosbuvirrussia.ru;;ПАУЗА;https://tpv.sr/uhAQZb-XJ/;;;;;;;
samara.sofosbuvirrussia.ru;;ПАУЗА;https://tpv.sr/uhAQZc-W7/;;;;;;;
https://no-narkotikam.ru/;;ПАУЗА;https://tpv.sr/uhATV1-R5/;;;;;;;
https://sig.sigaret-optom-rf.com/;;ПАУЗА;https://tpv.sr/uhAtV9-qx/;до 9 декабря ;;;;;;
cosmos-web.ru;;ПАУЗА;;до 10 декабря;;;;;;
;;;;;;;;;;
сетка сайтов от 1 клиента ;;;;;;;;;;
ruswater.com;05.09.2023;ЗАПУЩЕН;https://tpv.sr/uhAS3j-s8/;до 5 февраля ;;;;;;
abcdetal.ru;;ЗАПУЩЕН;https://tpv.sr/uhAx0X-22/;до 13 февраля;;;;;;
kaskadkrep.ru ;;ЗАПУЩЕН;https://tpv.sr/uhAx0I-xC/;до 13 февраля;;;;;;
;;;;;;;;;;
сетка сайтов от 1 клиента ;14.09.2023;;; ;;;;;;
https://lubimiy-vykup.ru/;;ЗАПУЩЕН;https://tpv.sr/uhATPN-3e/;до 16 февраля ;;;;;;
https://lubimiy-vykup78.ru/;;ЗАПУЩЕН;https://tpv.sr/uhATdR-hd/;до 16 февраля ;;;;;;
https://vykup-avto-72.ru;;ЗАПУЩЕН;https://tpv.sr/uhB2XE-1R/;до 16 февраля ;;;;;;
https://lubimiy-vykup74.ru;;ЗАПУЩЕН;https://tpv.sr/uhB2XH-6X/;до 16 февраля ;;;;;;
;;;;;;;;;;
https://thaicare100.com/;14.09.2023;ПАУЗА;https://tpv.sr/uhAToD-4H/;до 14 октября ;7500;;;;;
;;;;;;;;;;
https://xmas-studio.ru;26.09.2023;ПАУЗА;https://tpv.sr/uhAWFS-bG/;до 26 декабря  ;;;;;;
;;;;;;;;;;
сетка сайтов от 1 клиента ;;;;;;;;;;
alkomig66-191.ru;27.09.2023;ПАУЗА;https://tpv.sr/uhAWJW-ic/;до 27 ноября  ;;;;;;
alkomig66-196.ru;27.09.2023;ПАУЗА;https://tpv.sr/uhAWKl-Gt/;до 27 октября ;;;;;;
;;;;;;;;;;
сетка сайтов от 1 клиента ;;;;до 15 декабря  ;;;;;;
zabor-vam.ru   ;;ПАУЗА;https://tpv.sr/uhA0f2-95/;;;;;;;
vuvozmusora.ru;;ПАУЗА;https://tpv.sr/uhA0A1-WG/;;;;;;;
lomgroup.ru заменен на вывоз мусора в москве;;ПАУЗА;https://tpv.sr/uhA1A6-cn/;;;;;;;
mosmedtranzit.ru;;ПАУЗА;https://tpv.sr/uhA0wh-Oe/;;;;;;;
cvety.me;;ПАУЗА;https://tpv.sr/uhA1MX-Dh;;;;;;;
https://www.juventalaser.ru/;;ПАУЗА;https://tpv.sr/uhA1Mf-TH;;;;;;;
;;;;;;;;;;
сетка сайтов от 1 клиента;;;;;;;;;;
magput.ru;;ЗАПУЩЕН;https://tpv.sr/uhAZJB-2X/;до 6 февраля  ;;;;;;
ticketum.ru;;ЗАПУЩЕН;https://tpv.sr/uhB8Dj-50/;до 29 января ;;;;;;
;;;;;;;;;;
сетка сайтов от 1 клиента ;;;;;;;;;;
best-balls.ru;;ЗАПУЩЕН;https://tpv.sr/uhAZfi-WO/;до 7 февраля  ;;;;;;
Isharik.ru;;ЗАПУЩЕН;https://tpv.sr/uhAmuw-eL/;до 1 февраля  ;;;;;;
;;;;;;;;;;
metall-metallolom.ru;;ПАУЗА;https://tpv.sr/uhASRT-up/;до 14 ноября ;;;;;;
;;;;;;;;;;
сетка сайтов от 1 клиента ;;;;;;;;;;
https://novosibirsk.cinar.ru/;;ЗАПУЩЕН;;до 4 февраля  ;;;;;;
https://ekaterinburg.cinar.ru;;ЗАПУЩЕН;;до 4 февраля  ;;;;;;
https://kazan.cinar.ru/;;ЗАПУЩЕН;;до 4 февраля  ;;;;;;
https://nizhniy-novgorod.cinar.ru/;;ЗАПУЩЕН;;до 4 февраля  ;;;;;;
https://chelyabinsk.cinar.ru/;;ЗАПУЩЕН;;до 4 февраля  ;;;;;;
https://krasnoyarsk.cinar.ru/;;ЗАПУЩЕН;;до 4 февраля  ;;;;;;
https://samara.cinar.ru/;;ЗАПУЩЕН;;до 4 февраля  ;;;;;;
https://ufa.cinar.ru/;;ЗАПУЩЕН;;до 4 февраля  ;;;;;;
https://rostov-na-donu.cinar.ru/;;ЗАПУЩЕН;;до 4 февраля  ;;;;;;
https://omsk.cinar.ru/;;ЗАПУЩЕН;;до 4 февраля  ;;;;;;
https://krasnodar.cinar.ru;;ЗАПУЩЕН;;до 4 февраля  ;;;;;;
https://voronezh.cinar.ru/;;ЗАПУЩЕН;;до 4 февраля  ;;;;;;
https://volgograd.cinar.ru/;;ЗАПУЩЕН;;до 4 февраля  ;;;;;;
https://perm.cinar.ru/;;ЗАПУЩЕН;;до 4 февраля  ;;;;;;
https://tolyatti.cinar.ru/;;ЗАПУЩЕН;;до 4 февраля  ;;;;;;
https://spb.cinar.ru/;;ЗАПУЩЕН;;до 4 февраля  ;;;;;;
https://cinar.ru/;;ЗАПУЩЕН;;до 4 февраля  ;;;;;;
https://mfc-ritual.ru/ ;;ЗАПУЩЕН;;до 4 февраля  ;;;;;;
"СПБ - https://mebelesd.ru 
Новосибирск - https://novosibirsk.mebelesd.ru 
Екатеринбург - https://ekaterinburg.mebelesd.ru/ 
Казань - https://kazan.mebelesd.ru/ 
Москва - https://moskva.mebelesd.ru/";;ЗАПУЩЕН;;до 12 декабря ;;;;;;
https://www.poligrafi.com/;;ЗАПУЩЕН;;до 17 декабря ;;;;;;
https://mugforprint.ru/;;ЗАПУЩЕН;;до 17 декабря  ;;;;;;
https://cinar.ru/;;ЗАПУЩЕН;;до 20 лекабря ;;;;;;
https://nakleiki-na-steklo.ru/;;ЗАПУЩЕН;;до 21 декабря  ;;;;;;
https://гост-строй.рф/;;ЗАПУЩЕН;;до 24 ноября;;;;;;
https://iziskania.com/;;ЗАПУЩЕН;;до 26 ноября;;;;;;
https://master-broker.ru/;;ЗАПУЩЕН;;до 26 ноября;;;;;;
https://kitaiconsult.com/;;ЗАПУЩЕН;;до 26 ноября;;;;;;
https://gksmarty.ru/;;ЗАПУЩЕН;;до 26 ноября;;;;;;
https://ритуальные-услуги.рф/ ;;ЗАПУЩЕН;;до 26 ноября;;;;;;
https://a-format.ru/;;ЗАПУЩЕН;;до 26 ноября;;;;;;
https://nalogexpert-kazan.ru/;;ЗАПУЩЕН;;до 26 ноября;;;;;;
;;;;;;;;;;
akmechanica.ru;;ПАУЗА ;;до 18 января  ;;;;;;
;;;;;;;;;;
сетка сайтов от 2 клиентов в 1 день оплата  ;;;;;;;;;;
rockinglook.ru;;ЗАПУЩЕН;;до 21 февраля ;;;;;;
mrgraver.ru;;ЗАПУЩЕН;;до 21 января ;;;;;;
;;;;;;;;;;
сетка сайтов от 1 клиента;;;;;;;;;;
burenie-skv.ru;;ПАУЗА ;https://tpv.sr/uhAgWz-1P/;до 26 ноября;;;;;;
petramemorial.ru;;ПАУЗА ;https://tpv.sr/uhAgXm-PO/;до 26 ноября;;;;;;
;;;;;;;;;;
сетка сайтов от 1 клиента;;;;;;;;;;
http://vet24.pro;;ПАУЗА ;https://tpv.sr/uhAhlw-qH/;до 18 января  ;;;;;;
https://zoogarant.ru;;ПАУЗА ;;до 18 января  ;;;;;;
;;;;;;;;;;
https://liveistok.ru/;;ПАУЗА;https://tpv.sr/uhAk1Y-dg/;до 1 декабря  ;;;;;;
;;;;;;;;;;
сетка сайтов от 1 клиента;;;;;;;;;;
time9.ru;;ПАУЗА;https://tpv.sr/uhArmc-ku/;до 8 декабря  ;;;;;;
newlt.ru;;ПАУЗА;https://tpv.sr/uhAska-7U/;до 8 декабря  ;;;;;;
promza.ru;;ПАУЗА ;;до 8 января  ;;;;;;
;;;;;;;;;;
сетка сайтов от 1 клиента ;;;;;;;;;;
arshinspb.ru;;ЗАПУЩЕН;https://tpv.sr/uhAyGu-4b/;до 18 февраля  ;;;;;;
акватехниклаб.рф;;ЗАПУЩЕН;https://tpv.sr/uhAyGs-rM/;до 18 февраля  ;;;;;;
metrologlab.ru ;;ЗАПУЩЕН;https://tpv.sr/uhBNsB-54/;до 18 февраля  ;;;;;;
https://ppk.spb.ru;;ЗАПУЩЕН;https://tpv.sr/uhBEeo-fV/;до 5 февраля  ;;;;;;
https://pgas.spb.ru;;ЗАПУЩЕН;https://tpv.sr/uhBPgz-TC/;до 18 февраля  ;;;;;;
;;;;;;;;;;
nsalut.ru;;ЗАПУЩЕН;https://tpv.sr/uhB4ad-Xb/;до 25 января ;;;;;;
;;;;;;;;;;
vsemsalut.ru;;ПАУЗА;https://tpv.sr/uhB6mH-FE/;до 27 декабря ;;;;;;
;;;;;;;;;;
https://de-la-flor.ru + поддомены;;ПАУЗА ;;до 28 декабря ;;;;;;
;;;;;;;;;;
https://rem-bit.ru/;;ПАУЗА;;до 4 декабря ;;;;;;
Rmh24.ru;;ПАУЗА;;до 4 декабря ;;;;;;
;;;;;;;;;;
vipkolesa.ru;;ЗАПУЩЕН;;до 1 февраля;;;;;;
;;;;;;;;;;
https://kentcasinos.pro;;ПАУЗА;;до 9 января ;;;;;;
https://ramenbet-casino.pro;;ПАУЗА;;до 9 января ;;;;;;
;;;;;;;;;;
stalerplast.ru + 5 регионов;;ЗАПУЩЕН;;до 13 февраля ;;;;;;
;;;;;;;;;;
nasha-apteka.ru;;ЗАПУЩЕН;;до 15 февраля ;;;;;;
Mirena003.ru  ;;ПАУЗА ;;до 22 января;;;;;;
;;;;;;;;;;
mandarinfox.ru;;ЗАПУЩЕН;;24 февраля;;;;;;
http://asfalting.ru;;ЗАПУЩЕН;;24 февраля;;;;;;
unreal.place;;ЗАПУЩЕН;;24 февраля;;;;;;
vrpark;;ЗАПУЩЕН;;24 февраля;;;;;;
;;;;;;;;;;
rehab-restart.ru;;ПАУЗА ;https://tpv.sr/uhBRyC-8i/;до 20 января ;;;;;;
;;;;;;;;;;
сетка сайтов от 1 клиента ;;;;до 12 февраля ;;;;;;
vimontale.ru;;ЗАПУЩЕН;;до 12 февраля ;;;;;;
alias-pack.ru;;ЗАПУЩЕН;;до 12 февраля ;;;;;;
rent-auto.su ;;ЗАПУЩЕН;;до 12 февраля ;;;;;;
oknakontakt.ru ;;ЗАПУЩЕН;;до 12 февраля ;;;;;;
bosch-service.com.ru;;ЗАПУЩЕН;;до 12 февраля ;;;;;;
infocdu.ru;;ЗАПУЩЕН;;до 12 февраля ;;;;;;
;;;;;;;;;;
potolokmos.com;;ЗАПУЩЕН;https://tpv.sr/uhBvYT-aL/;до 23 февраля ;;;;;;
;;;;;;;;;;
dveridpm.ru;;ЗАПУЩЕН;;до 23 февраля ;;;;;;
;;;;;;;;;;
;;;;;;;;;;
;;;;;;;;;;
;;;;;;;;;;
;;;;;;;;;;
;;;;;;;;;;
;;;;;;;;;;
;;;;;;;;;;
;;;;;;;;;;
;;;;;;;;;;
;;;;;;;;;;
;;;;;;;;;;
;;;;;;;;;;
;;;;;;;;;;
;;;;;;;;;;
;;;;;;;;;;
;;;;;;;;;;
;;;;;;;;;;
;;;;;;;;;;
;;;;;;;;;;
;;;;;;;;;;
;;;;;;;;;;
;;;;;;;;;;
;;;;;;;;;;
;;;;;;;;;;
;;;;;;;;;;
;;;;;;;;;;
;;;;;;;;;;
;;;;;;;;;;
;;;;;;;;;;
;;;;;;;;;;
;;;;;;;;;;
;;;;;;;;;;
;;;;;;;;;;
;;;;;;;;;;
;;;;;;;;;;
;;;;;;;;;;
;;;;;;;;;;
;;;;;;;;;;
;;;;;;;;;;
;;;;;;;;;;
;;;;;;;;;;
;;;;;;;;;;
;;;;;;;;;;
;;;;;;;;;;
;;;;;;;;;;
;;;;;;;;;;
;;;;;;;;;;
;;;;;;;;;;
;;;;;;;;;;
;;;;;;;;;;
;;;;;;;;;;
;;;;;;;;;;
;;;;;;;;;;
;;;;;;;;;;
;;;;;;;;;;
;;;;;;;;;;
;;;;;;;;;;
;;;;;;;;;;
;;;;;;;;;;
;;;;;;;;;;
;;;;;;;;;;
;;;;;;;;;;
;;;;;;;;;;
;;;;;;;;;;
;;;;;;;;;;
;;;;;;;;;;
;;;;;;;;;;
;;;;;;;;;;
;;;;;;;;;;
;;;;;;;;;;
;;;;;;;;;;
;;;;;;;;;;
;;;;;;;;;;
;;;;;;;;;;
;;;;;;;;;;
;;;;;;;;;;
;;;;;;;;;;
;;;;;;;;;;
;;;;;;;;;;
;;;;;;;;;;
;;;;;;;;;;
;;;;;;;;;;
;;;;;;;;;;
;;;;;;;;;;
;;;;;;;;;;
;;;;;;;;;;
;;;;;;;;;;
;;;;;;;;;;
;;;;;;;;;;
;;;;;;;;;;
;;;;;;;;;;
;;;;;;;;;;
;;;;;;;;;;
;;;;;;;;;;
;;;;;;;;;;
;;;;;;;;;;
;;;;;;;;;;
;;;;;;;;;;
;;;;;;;;;;
;;;;;;;;;;
;;;;;;;;;;
;;;;;;;;;;
;;;;;;;;;;
;;;;;;;;;;
;;;;;;;;;;
;;;;;;;;;;
;;;;;;;;;;
;;;;;;;;;;
;;;;;;;;;;
;;;;;;;;;;
;;;;;;;;;;
;;;;;;;;;;
;;;;;;;;;;
;;;;;;;;;;
;;;;;;;;;;
;;;;;;;;;;
;;;;;;;;;;
;;;;;;;;;;
;;;;;;;;;;
;;;;;;;;;;
;;;;;;;;;;
;;;;;;;;;;
;;;;;;;;;;
;;;;;;;;;;
;;;;;;;;;;
;;;;;;;;;;
;;;;;;;;;;
;;;;;;;;;;
;;;;;;;;;;
;;;;;;;;;;
;;;;;;;;;;
;;;;;;;;;;
;;;;;;;;;;
;;;;;;;;;;
;;;;;;;;;;
;;;;;;;;;;
;;;;;;;;;;
;;;;;;;;;;
;;;;;;;;;;
;;;;;;;;;;
;;;;;;;;;;
;;;;;;;;;;
;;;;;;;;;;
;;;;;;;;;;
;;;;;;;;;;
;;;;;;;;;;
;;;;;;;;;;
;;;;;;;;;;
;;;;;;;;;;
;;;;;;;;;;
;;;;;;;;;;
;;;;;;;;;;
;;;;;;;;;;
;;;;;;;;;;
;;;;;;;;;;
;;;;;;;;;;
;;;;;;;;;;
;;;;;;;;;;
;;;;;;;;;;
;;;;;;;;;;
;;;;;;;;;;
;;;;;;;;;;
;;;;;;;;;;
;;;;;;;;;;
;;;;;;;;;;
;;;;;;;;;;
;;;;;;;;;;
;;;;;;;;;;
;;;;;;;;;;
;;;;;;;;;;
;;;;;;;;;;
;;;;;;;;;;
;;;;;;;;;;
;;;;;;;;;;
;;;;;;;;;;
;;;;;;;;;;
;;;;;;;;;;
;;;;;;;;;;
;;;;;;;;;;
;;;;;;;;;;
;;;;;;;;;;
;;;;;;;;;;
;;;;;;;;;;
;;;;;;;;;;
;;;;;;;;;;
;;;;;;;;;;
;;;;;;;;;;
;;;;;;;;;;
;;;;;;;;;;
;;;;;;;;;;
;;;;;;;;;;
;;;;;;;;;;
;;;;;;;;;;
;;;;;;;;;;
;;;;;;;;;;
;;;;;;;;;;
;;;;;;;;;;
;;;;;;;;;;
;;;;;;;;;;
;;;;;;;;;;
;;;;;;;;;;
;;;;;;;;;;
;;;;;;;;;;
;;;;;;;;;;
;;;;;;;;;;
;;;;;;;;;;
;;;;;;;;;;
;;;;;;;;;;
;;;;;;;;;;
;;;;;;;;;;
;;;;;;;;;;
;;;;;;;;;;
;;;;;;;;;;
;;;;;;;;;;
;;;;;;;;;;
;;;;;;;;;;
;;;;;;;;;;
;;;;;;;;;;
;;;;;;;;;;
;;;;;;;;;;
;;;;;;;;;;
;;;;;;;;;;
;;;;;;;;;;
;;;;;;;;;;
;;;;;;;;;;
;;;;;;;;;;
;;;;;;;;;;
;;;;;;;;;;
;;;;;;;;;;
;;;;;;;;;;
;;;;;;;;;;
;;;;;;;;;;
;;;;;;;;;;
;;;;;;;;;;
;;;;;;;;;;
;;;;;;;;;;
;;;;;;;;;;
;;;;;;;;;;
;;;;;;;;;;
;;;;;;;;;;
;;;;;;;;;;
;;;;;;;;;;
;;;;;;;;;;
;;;;;;;;;;
;;;;;;;;;;
;;;;;;;;;;
;;;;;;;;;;
;;;;;;;;;;
;;;;;;;;;;
;;;;;;;;;;
;;;;;;;;;;
;;;;;;;;;;
;;;;;;;;;;
;;;;;;;;;;
;;;;;;;;;;
;;;;;;;;;;
;;;;;;;;;;
;;;;;;;;;;
;;;;;;;;;;
;;;;;;;;;;
;;;;;;;;;;
;;;;;;;;;;
;;;;;;;;;;
;;;;;;;;;;
;;;;;;;;;;
;;;;;;;;;;
;;;;;;;;;;
;;;;;;;;;;
;;;;;;;;;;
;;;;;;;;;;
;;;;;;;;;;
;;;;;;;;;;
;;;;;;;;;;
;;;;;;;;;;
;;;;;;;;;;
;;;;;;;;;;
;;;;;;;;;;
;;;;;;;;;;
;;;;;;;;;;
;;;;;;;;;;
;;;;;;;;;;
;;;;;;;;;;
;;;;;;;;;;
;;;;;;;;;;
;;;;;;;;;;
;;;;;;;;;;
;;;;;;;;;;
;;;;;;;;;;
;;;;;;;;;;
;;;;;;;;;;
;;;;;;;;;;
;;;;;;;;;;
;;;;;;;;;;
;;;;;;;;;;
;;;;;;;;;;
;;;;;;;;;;
;;;;;;;;;;
;;;;;;;;;;
;;;;;;;;;;
;;;;;;;;;;
;;;;;;;;;;
;;;;;;;;;;
;;;;;;;;;;
;;;;;;;;;;
;;;;;;;;;;
;;;;;;;;;;
;;;;;;;;;;
;;;;;;;;;;
;;;;;;;;;;
;;;;;;;;;;
;;;;;;;;;;
;;;;;;;;;;
;;;;;;;;;;
;;;;;;;;;;
;;;;;;;;;;
;;;;;;;;;;
;;;;;;;;;;
;;;;;;;;;;
;;;;;;;;;;
;;;;;;;;;;
;;;;;;;;;;
;;;;;;;;;;
;;;;;;;;;;
;;;;;;;;;;
;;;;;;;;;;
;;;;;;;;;;
;;;;;;;;;;
;;;;;;;;;;
;;;;;;;;;;
;;;;;;;;;;
;;;;;;;;;;
;;;;;;;;;;
;;;;;;;;;;
;;;;;;;;;;
;;;;;;;;;;
;;;;;;;;;;
;;;;;;;;;;
;;;;;;;;;;
;;;;;;;;;;
;;;;;;;;;;
;;;;;;;;;;
;;;;;;;;;;
;;;;;;;;;;
;;;;;;;;;;
;;;;;;;;;;
;;;;;;;;;;
;;;;;;;;;;
;;;;;;;;;;
;;;;;;;;;;
;;;;;;;;;;
;;;;;;;;;;
;;;;;;;;;;
;;;;;;;;;;
;;;;;;;;;;
;;;;;;;;;;
;;;;;;;;;;
;;;;;;;;;;
;;;;;;;;;;
;;;;;;;;;;
;;;;;;;;;;
;;;;;;;;;;
;;;;;;;;;;
;;;;;;;;;;
;;;;;;;;;;
;;;;;;;;;;
;;;;;;;;;;
;;;;;;;;;;
;;;;;;;;;;
;;;;;;;;;;
;;;;;;;;;;
;;;;;;;;;;
;;;;;;;;;;
;;;;;;;;;;
;;;;;;;;;;
;;;;;;;;;;
;;;;;;;;;;
;;;;;;;;;;
;;;;;;;;;;
;;;;;;;;;;
;;;;;;;;;;
;;;;;;;;;;
;;;;;;;;;;
;;;;;;;;;;
;;;;;;;;;;
;;;;;;;;;;
;;;;;;;;;;
;;;;;;;;;;
;;;;;;;;;;
;;;;;;;;;;
;;;;;;;;;;
;;;;;;;;;;
;;;;;;;;;;
;;;;;;;;;;
;;;;;;;;;;
;;;;;;;;;;
;;;;;;;;;;
;;;;;;;;;;
;;;;;;;;;;
;;;;;;;;;;
;;;;;;;;;;
;;;;;;;;;;
;;;;;;;;;;
;;;;;;;;;;
;;;;;;;;;;
;;;;;;;;;;
;;;;;;;;;;
;;;;;;;;;;
;;;;;;;;;;
;;;;;;;;;;
;;;;;;;;;;
;;;;;;;;;;
;;;;;;;;;;
;;;;;;;;;;
;;;;;;;;;;
;;;;;;;;;;
;;;;;;;;;;
;;;;;;;;;;
;;;;;;;;;;
;;;;;;;;;;
;;;;;;;;;;
;;;;;;;;;;
;;;;;;;;;;
;;;;;;;;;;
;;;;;;;;;;
;;;;;;;;;;
;;;;;;;;;;
;;;;;;;;;;
;;;;;;;;;;
;;;;;;;;;;
;;;;;;;;;;
;;;;;;;;;;
;;;;;;;;;;
;;;;;;;;;;
;;;;;;;;;;
;;;;;;;;;;
;;;;;;;;;;
;;;;;;;;;;
;;;;;;;;;;
;;;;;;;;;;
;;;;;;;;;;
;;;;;;;;;;
;;;;;;;;;;
;;;;;;;;;;
;;;;;;;;;;
;;;;;;;;;;
;;;;;;;;;;
;;;;;;;;;;
;;;;;;;;;;
;;;;;;;;;;
;;;;;;;;;;
;;;;;;;;;;
;;;;;;;;;;
;;;;;;;;;;
;;;;;;;;;;
;;;;;;;;;;
;;;;;;;;;;
;;;;;;;;;;
;;;;;;;;;;
;;;;;;;;;;
;;;;;;;;;;
;;;;;;;;;;
;;;;;;;;;;
;;;;;;;;;;
;;;;;;;;;;
;;;;;;;;;;
;;;;;;;;;;
;;;;;;;;;;
;;;;;;;;;;
;;;;;;;;;;
;;;;;;;;;;
;;;;;;;;;;
;;;;;;;;;;
;;;;;;;;;;
;;;;;;;;;;
;;;;;;;;;;
;;;;;;;;;;
;;;;;;;;;;
;;;;;;;;;;
;;;;;;;;;;
;;;;;;;;;;
;;;;;;;;;;
;;;;;;;;;;
;;;;;;;;;;
;;;;;;;;;;
;;;;;;;;;;
;;;;;;;;;;
;;;;;;;;;;
;;;;;;;;;;
;;;;;;;;;;
;;;;;;;;;;
;;;;;;;;;;
;;;;;;;;;;
;;;;;;;;;;
;;;;;;;;;;
;;;;;;;;;;
;;;;;;;;;;
;;;;;;;;;;
;;;;;;;;;;
;;;;;;;;;;
;;;;;;;;;;
;;;;;;;;;;
;;;;;;;;;;
;;;;;;;;;;
;;;;;;;;;;
;;;;;;;;;;
;;;;;;;;;;
;;;;;;;;;;
;;;;;;;;;;
;;;;;;;;;;
;;;;;;;;;;
;;;;;;;;;;
;;;;;;;;;;
;;;;;;;;;;
;;;;;;;;;;
;;;;;;;;;;
;;;;;;;;;;
;;;;;;;;;;
;;;;;;;;;;
;;;;;;;;;;
;;;;;;;;;;
;;;;;;;;;;
;;;;;;;;;;
;;;;;;;;;;
;;;;;;;;;;
;;;;;;;;;;
;;;;;;;;;;
;;;;;;;;;;
;;;;;;;;;;
;;;;;;;;;;
;;;;;;;;;;
;;;;;;;;;;
;;;;;;;;;;
;;;;;;;;;;
;;;;;;;;;;
;;;;;;;;;;
;;;;;;;;;;
;;;;;;;;;;
;;;;;;;;;;
;;;;;;;;;;
;;;;;;;;;;
;;;;;;;;;;
;;;;;;;;;;
;;;;;;;;;;
;;;;;;;;;;
;;;;;;;;;;
;;;;;;;;;;
;;;;;;;;;;
;;;;;;;;;;
;;;;;;;;;;
;;;;;;;;;;
;;;;;;;;;;
;;;;;;;;;;
;;;;;;;;;;
;;;;;;;;;;
;;;;;;;;;;
;;;;;;;;;;
;;;;;;;;;;
;;;;;;;;;;
;;;;;;;;;;
;;;;;;;;;;
;;;;;;;;;;
;;;;;;;;;;
;;;;;;;;;;
;;;;;;;;;;
;;;;;;;;;;
;;;;;;;;;;
;;;;;;;;;;
;;;;;;;;;;
;;;;;;;;;;
;;;;;;;;;;
;;;;;;;;;;
;;;;;;;;;;
;;;;;;;;;;
;;;;;;;;;;
;;;;;;;;;;
;;;;;;;;;;
;;;;;;;;;;
;;;;;;;;;;
;;;;;;;;;;
;;;;;;;;;;
;;;;;;;;;;
;;;;;;;;;;
;;;;;;;;;;
;;;;;;;;;;
;;;;;;;;;;
;;;;;;;;;;
;;;;;;;;;;
;;;;;;;;;;
;;;;;;;;;;
;;;;;;;;;;
;;;;;;;;;;
;;;;;;;;;;
;;;;;;;;;;
;;;;;;;;;;
;;;;;;;;;;
;;;;;;;;;;
;;;;;;;;;;
;;;;;;;;;;
;;;;;;;;;;
;;;;;;;;;;
;;;;;;;;;;
;;;;;;;;;;
;;;;;;;;;;
;;;;;;;;;;
;;;;;;;;;;
;;;;;;;;;;
;;;;;;;;;;
;;;;;;;;;;
;;;;;;;;;;
;;;;;;;;;;
;;;;;;;;;;
;;;;;;;;;;
;;;;;;;;;;
;;;;;;;;;;
;;;;;;;;;;
;;;;;;;;;;
;;;;;;;;;;
;;;;;;;;;;
;;;;;;;;;;
;;;;;;;;;;
;;;;;;;;;;
;;;;;;;;;;
;;;;;;;;;;
;;;;;;;;;;
;;;;;;;;;;
;;;;;;;;;;
;;;;;;;;;;
;;;;;;;;;;
;;;;;;;;;;
;;;;;;;;;;
;;;;;;;;;;
;;;;;;;;;;
;;;;;;;;;;
;;;;;;;;;;
;;;;;;;;;;
;;;;;;;;;;
;;;;;;;;;;
;;;;;;;;;;
;;;;;;;;;;
;;;;;;;;;;
;;;;;;;;;;
;;;;;;;;;;
;;;;;;;;;;
;;;;;;;;;;
;;;;;;;;;;
;;;;;;;;;;
;;;;;;;;;;
;;;;;;;;;;
;;;;;;;;;;
;;;;;;;;;;
;;;;;;;;;;
;;;;;;;;;;
;;;;;;;;;;
;;;;;;;;;;
;;;;;;;;;;
;;;;;;;;;;
;;;;;;;;;;
;;;;;;;;;;
;;;;;;;;;;
;;;;;;;;;;
;;;;;;;;;;
;;;;;;;;;;
;;;;;;;;;;
;;;;;;;;;;
;;;;;;;;;;
;;;;;;;;;;
;;;;;;;;;;
;;;;;;;;;;
;;;;;;;;;;
;;;;;;;;;;
;;;;;;;;;;
;;;;;;;;;;
;;;;;;;;;;
;;;;;;;;;;
;;;;;;;;;;
;;;;;;;;;;
;;;;;;;;;;
;;;;;;;;;;
;;;;;;;;;;
;;;;;;;;;;
;;;;;;;;;;
;;;;;;;;;;
;;;;;;;;;;
;;;;;;;;;;
;;;;;;;;;;
;;;;;;;;;;
;;;;;;;;;;
;;;;;;;;;;
;;;;;;;;;;
;;;;;;;;;;
;;;;;;;;;;
;;;;;;;;;;
;;;;;;;;;;
;;;;;;;;;;
;;;;;;;;;;
;;;;;;;;;;
;;;;;;;;;;
;;;;;;;;;;
;;;;;;;;;;
;;;;;;;;;;
;;;;;;;;;;
;;;;;;;;;;
;;;;;;;;;;
;;;;;;;;;;
;;;;;;;;;;
;;;;;;;;;;
;;;;;;;;;;
;;;;;;;;;;
;;;;;;;;;;
;;;;;;;;;;
;;;;;;;;;;
;;;;;;;;;;
;;;;;;;;;;
;;;;;;;;;;
;;;;;;;;;;
;;;;;;;;;;
;;;;;;;;;;
;;;;;;;;;;
;;;;;;;;;;
;;;;;;;;;;
;;;;;;;;;;
;;;;;;;;;;
;;;;;;;;;;
;;;;;;;;;;
;;;;;;;;;;
;;;;;;;;;;
;;;;;;;;;;
;;;;;;;;;;
;;;;;;;;;;
;;;;;;;;;;
;;;;;;;;;;
;;;;;;;;;;
;;;;;;;;;;
;;;;;;;;;;
;;;;;;;;;;
;;;;;;;;;;
;;;;;;;;;;
;;;;;;;;;;
;;;;;;;;;;
;;;;;;;;;;
;;;;;;;;;;
;;;;;;;;;;
;;;;;;;;;;
;;;;;;;;;;
;;;;;;;;;;
;;;;;;;;;;
;;;;;;;;;;
;;;;;;;;;;
;;;;;;;;;;
;;;;;;;;;;
;;;;;;;;;;
;;;;;;;;;;
;;;;;;;;;;
;;;;;;;;;;
;;;;;;;;;;
;;;;;;;;;;
;;;;;;;;;;
;;;;;;;;;;
;;;;;;;;;;
;;;;;;;;;;
;;;;;;;;;;
;;;;;;;;;;
;;;;;;;;;;
;;;;;;;;;;
;;;;;;;;;;
;;;;;;;;;;
;;;;;;;;;;
;;;;;;;;;;
;;;;;;;;;;
;;;;;;;;;;
;;;;;;;;;;
;;;;;;;;;;
;;;;;;;;;;
;;;;;;;;;;
;;;;;;;;;;
;;;;;;;;;;
;;;;;;;;;;
;;;;;;;;;;
;;;;;;;;;;
;;;;;;;;;;
;;;;;;;;;;
;;;;;;;;;;
;;;;;;;;;;
;;;;;;;;;;
;;;;;;;;;;
;;;;;;;;;;
;;;;;;;;;;
;;;;;;;;;;
;;;;;;;;;;
;;;;;;;;;;
;;;;;;;;;;
;;;;;;;;;;
;;;;;;;;;;
;;;;;;;;;;
;;;;;;;;;;
;;;;;;;;;;
;;;;;;;;;;
;;;;;;;;;;
;;;;;;;;;;
;;;;;;;;;;
;;;;;;;;;;
;;;;;;;;;;
;;;;;;;;;;
;;;;;;;;;;
;;;;;;;;;;
;;;;;;;;;;
;;;;;;;;;;
;;;;;;;;;;
;;;;;;;;;;
;;;;;;;;;;
;;;;;;;;;;
;;;;;;;;;;
;;;;;;;;;;
;;;;;;;;;;
;;;;;;;;;;
;;;;;;;;;;
;;;;;;;;;;
;;;;;;;;;;
;;;;;;;;;;
;;;;;;;;;;
;;;;;;;;;;
;;;;;;;;;;
;;;;;;;;;;
;;;;;;;;;;
;;;;;;;;;;
;;;;;;;;;;
;;;;;;;;;;
;;;;;;;;;;
;;;;;;;;;;
;;;;;;;;;;
;;;;;;;;;;
;;;;;;;;;;
;;;;;;;;;;
;;;;;;;;;;
;;;;;;;;;;
;;;;;;;;;;
;;;;;;;;;;
;;;;;;;;;;
;;;;;;;;;;
;;;;;;;;;;
;;;;;;;;;;
;;;;;;;;;;
;;;;;;;;;;
;;;;;;;;;;
;;;;;;;;;;
;;;;;;;;;;
;;;;;;;;;;
;;;;;;;;;;
;;;;;;;;;;
;;;;;;;;;;
;;;;;;;;;;
;;;;;;;;;;
;;;;;;;;;;
;;;;;;;;;;
;;;;;;;;;;
;;;;;;;;;;
;;;;;;;;;;
;;;;;;;;;;
;;;;;;;;;;
;;;;;;;;;;
;;;;;;;;;;
;;;;;;;;;;
;;;;;;;;;;
;;;;;;;;;;
;;;;;;;;;;
;;;;;;;;;;
;;;;;;;;;;
;;;;;;;;;;
;;;;;;;;;;
;;;;;;;;;;
;;;;;;;;;;
;;;;;;;;;;
;;;;;;;;;;
;;;;;;;;;;
;;;;;;;;;;
;;;;;;;;;;
;;;;;;;;;;
;;;;;;;;;;
;;;;;;;;;;
;;;;;;;;;;
;;;;;;;;;;
;;;;;;;;;;
;;;;;;;;;;
;;;;;;;;;;
;;;;;;;;;;
;;;;;;;;;;
;;;;;;;;;;
;;;;;;;;;;
;;;;;;;;;;
;;;;;;;;;;
;;;;;;;;;;
;;;;;;;;;;
;;;;;;;;;;
;;;;;;;;;;
;;;;;;;;;;
;;;;;;;;;;
;;;;;;;;;;
;;;;;;;;;;
;;;;;;;;;;
;;;;;;;;;;
;;;;;;;;;;
;;;;;;;;;;
;;;;;;;;;;
;;;;;;;;;;
;;;;;;;;;;
;;;;;;;;;;
;;;;;;;;;;
;;;;;;;;;;
;;;;;;;;;;
;;;;;;;;;;
;;;;;;;;;;
;;;;;;;;;;
;;;;;;;;;;
;;;;;;;;;;
;;;;;;;;;;
;;;;;;;;;;
;;;;;;;;;;
;;;;;;;;;;
;;;;;;;;;;